city,month,target_trend_next_month,trend_score,naive_current_trend,trend_only_linear,trend_only_rf,trend_plus_reddit_volume_linear,trend_plus_reddit_volume_rf,trend_plus_reddit_full_linear,trend_plus_reddit_full_rf
Amsterdam,2024-05-31,12.0,12.0,12.0,12.347199322211104,12.274385603116269,13.49822417636451,12.352782440834757,13.035570800352378,12.352822639727526
Amsterdam,2024-06-30,13.0,12.0,12.0,12.855975573940453,12.594030037144327,11.94668657843418,12.515933930770895,11.998410707485297,12.49436414765352
Amsterdam,2024-07-31,13.0,13.0,13.0,12.951098037056017,12.142615836321113,13.847109395373618,12.201762550398906,13.469956540583953,12.380640706407357
Amsterdam,2024-08-31,12.0,13.0,13.0,12.999418753385557,11.969504022475105,12.290372153314218,12.148565034466111,12.025702242853152,12.269405569521817
Amsterdam,2024-09-30,13.0,12.0,12.0,12.671451231709439,13.060390388871422,12.083024553898927,12.547802642333865,12.0983969072308,12.397353628336111
Amsterdam,2024-10-31,13.0,13.0,13.0,13.086058398063116,12.16912670565719,12.978290344262643,12.239685461294695,12.927465861176861,12.355268867610238
Amsterdam,2024-11-30,12.0,13.0,13.0,12.741754209969447,12.217357262624965,11.640461265037242,12.205755702240356,11.503353487325947,12.23503004868013
Amsterdam,2024-12-31,12.0,12.0,12.0,12.695504098917166,12.57081802639021,11.686248028771022,12.467587292556267,11.684310589363543,12.33258359444339
Amsterdam,2025-01-31,12.0,12.0,12.0,12.617009397478649,12.50920915754425,13.705157576546071,12.103891369488084,13.185507265665589,12.238500123422664
Amsterdam,2025-02-28,12.0,12.0,12.0,12.516088646322464,12.019678343529819,10.592534710694942,12.150945233460615,10.467253630364665,12.272038167682151
Amsterdam,2025-03-31,12.0,12.0,12.0,12.793645022128558,12.329376687900062,14.615918714328664,12.29185890973477,14.521243878929049,12.377505649941801
Amsterdam,2025-04-30,13.0,12.0,12.0,12.767472270245179,12.16425308747017,12.18287031014267,12.295502870048798,12.122010613932309,12.282966469987052
Amsterdam,2025-05-31,12.0,13.0,13.0,13.139860729817403,12.19561622295365,13.776651966293382,12.220367149487656,13.42930291463517,12.352444819338535
Amsterdam,2025-06-30,13.0,12.0,12.0,12.45272386541826,12.139960778561685,10.935351516692627,12.375395253044317,11.02212290045893,12.404724258714596
Amsterdam,2025-07-31,16.0,13.0,13.0,13.376298623977746,12.407655199196693,14.304233173933369,12.451962203496361,13.963210422414896,12.412259769262104
Amsterdam,2025-08-31,16.0,16.0,16.0,13.989880304374896,13.560373530815538,13.191713640884858,13.305947192851903,13.038892739062812,13.261942087482932
Amsterdam,2025-09-30,16.0,16.0,16.0,14.128091936018002,15.170713902923877,13.74661437528955,15.136806349129929,13.571913011029308,14.261910730672325
Amsterdam,2025-10-31,14.0,16.0,16.0,15.186397464066701,15.833051620094297,14.471908087315413,15.566633875173798,14.462096720182263,15.057071615851715
Amsterdam,2025-11-30,13.0,14.0,14.0,13.393468082011653,14.712526115728565,13.026831633117819,14.911987486898218,12.965665237083389,14.206982076886623
Athens,2024-05-31,4.264198305616568,4.264198305616568,4.264198305616568,4.3974239433480005,4.2714987725731905,4.759407324789711,4.247093917070593,4.54749896269915,4.2470912990401475
Athens,2024-06-30,4.264198305616568,4.264198305616568,4.264198305616568,4.5803795342474825,4.315192392585724,4.1213403573606815,4.205535675558996,4.052614631850254,4.206549189936338
Athens,2024-07-31,4.264198305616568,4.264198305616568,4.264198305616568,4.550251558917408,4.253085111160361,5.04847698669394,4.152878353367494,4.798989808022238,4.134609340050268
Athens,2024-08-31,4.264198305616568,4.264198305616568,4.264198305616568,4.502229409734278,4.271784749367356,3.7877916643440894,4.127583156947704,3.679290768634342,4.10963609484376
Athens,2024-09-30,4.264198305616568,4.264198305616568,4.264198305616568,4.44918058279052,4.248492825925756,4.737808998066212,4.139242843940186,4.600149357100916,4.0917821329502155
Athens,2024-10-31,4.264198305616568,4.264198305616568,4.264198305616568,4.4053194684251356,3.8777966598012203,4.240869641561446,3.8513538321302816,4.187651401068045,3.9351057606680557
Athens,2024-11-30,4.264198305616568,4.264198305616568,4.264198305616568,4.382398616811452,3.5203082032556776,4.253367213632734,3.778504931924049,4.31120369489056,3.973980322031151
Athens,2024-12-31,4.264198305616568,4.264198305616568,4.264198305616568,4.386559651629197,4.28341649449123,3.9163347612768717,4.132545193007579,3.9148048769527257,3.9607381356733424
Athens,2025-01-31,4.264198305616568,4.264198305616568,4.264198305616568,4.416687626959268,4.28386243977752,4.714012784897564,4.235882317956165,4.507376405593352,4.184611417686888
Athens,2025-02-28,4.264198305616568,4.264198305616568,4.264198305616568,4.464709776142401,4.254951216378307,3.6937846188847594,4.219289120961662,3.574787648197738,4.175708781861153
Athens,2025-03-31,4.264198305616568,4.264198305616568,4.264198305616568,4.517758603086156,4.2640939998671055,5.265199571153428,4.215496442352729,5.036021574280692,4.167758858974873
Athens,2025-04-30,4.264198305616568,4.264198305616568,4.264198305616568,4.561619717451544,4.2700131567636985,4.099796453298254,4.220064671923415,3.967508289223172,4.2925750340370055
Athens,2025-05-31,4.264198305616568,4.264198305616568,4.264198305616568,4.584540569065224,4.269937537718842,4.7171215724908055,4.288303880453448,4.4841013482093075,4.460162804745969
Athens,2025-06-30,4.264198305616568,4.264198305616568,4.264198305616568,4.5803795342474825,4.315192392585724,3.6876203877660974,4.208852275286417,3.464014972019566,4.241016309097868
Athens,2025-07-31,5.68559774082209,4.264198305616568,4.264198305616568,4.550251558917408,4.253085111160361,4.541039439205491,4.218876044181771,4.518886767652367,4.375836914903128
Athens,2025-08-31,5.68559774082209,5.68559774082209,5.68559774082209,5.208704509699439,4.932110426511337,4.828425312798448,5.158261637796106,4.615727962511439,4.987388756278719
Athens,2025-09-30,5.68559774082209,5.68559774082209,5.68559774082209,4.799367995101827,4.940168911377104,4.586137438660996,5.015763439670107,4.530846540459715,4.907848697424044
Athens,2025-10-31,5.68559774082209,5.68559774082209,5.68559774082209,5.339477471275265,9.326944541093154,4.909912839157434,15.455424377627821,4.86893161915437,9.682335455239302
Athens,2025-11-30,4.264198305616568,5.68559774082209,5.68559774082209,5.120639804558168,10.959034868559694,5.366102001137142,12.606524438236681,5.213294954509168,5.684838730381003
Barcelona,2024-05-31,21.0,32.0,32.0,28.874148643544952,27.824808357015925,30.3123628308983,30.403141533915814,29.862064527572507,29.4514535840874
Barcelona,2024-06-30,27.0,21.0,21.0,33.09533047548879,33.76945647533748,32.87511668104527,34.32336577366092,33.48539125179902,34.4926491415716
Barcelona,2024-07-31,49.0,27.0,27.0,28.03079134308434,31.986757091193343,28.361552910717272,32.425546503924345,27.937989438235235,32.04221652449751
Barcelona,2024-08-31,44.0,49.0,49.0,37.46932733803823,38.89878398058645,36.60569873270284,39.538297958614486,36.456695135599205,40.569237970694196
Barcelona,2024-09-30,54.0,44.0,44.0,37.580497210044065,39.772489781688236,37.27457856398891,40.10055693244343,38.440228853836636,39.59481658173064
Barcelona,2024-10-31,45.0,54.0,54.0,47.29129324652038,36.69861706608149,45.82832227673347,39.07224626405318,45.604998620676135,39.627075793549395
Barcelona,2024-11-30,40.0,45.0,45.0,36.79291685386748,44.53611715536546,35.78994661832492,44.9929011663027,35.54346644908361,45.045448425327635
Barcelona,2024-12-31,66.0,40.0,40.0,40.849748449064705,42.398469912459404,40.288948398746435,43.42345011622472,40.65821285309004,45.28440848806839
Barcelona,2025-01-31,56.0,66.0,66.0,55.48811278387432,62.28188202070904,55.72309626079474,61.67986916021498,56.39848358312226,63.87997851319165
Barcelona,2025-02-28,66.0,56.0,56.0,43.90937606667323,52.47149454843125,42.178479748196686,54.33083500003917,42.20289701103397,59.12447879459285
Barcelona,2025-03-31,100.0,66.0,66.0,59.54784101566993,77.41652377039092,61.78981736941047,75.4457117178845,60.994394158596045,76.34050221670093
Barcelona,2025-04-30,89.0,76.75556950109822,76.75556950109822,52.23183591587098,72.30596143759917,51.38421244326872,72.88584293961944,50.12798238329971,68.48873576042695
Barcelona,2025-05-31,24.0,76.75556950109822,76.75556950109822,74.50737044973913,56.14601674959287,75.41953647032533,60.73973558397326,75.42031974968042,58.70115718191889
Barcelona,2025-06-30,31.0,24.0,24.0,30.401980142707473,34.74580917646556,29.97320892703174,37.544529849428066,28.144333794890912,35.183274618965456
Barcelona,2025-07-31,47.0,31.0,31.0,51.667398691495954,42.97646898977816,52.056139152723325,44.15863013853428,50.991445457359895,41.385641761428026
Barcelona,2025-08-31,53.0,47.0,47.0,39.54943363305724,52.42226774516936,39.704410563757996,53.1632735791733,39.13251435446351,50.69555027290763
Barcelona,2025-09-30,68.0,53.0,53.0,50.702565627895574,50.60092257164343,50.972022136390116,52.112511262092966,49.516961424712086,50.542314922759125
Barcelona,2025-10-31,60.0,68.0,68.0,55.28663933147882,51.64104210344319,54.138187541939956,54.05355472807261,54.85762129864921,61.34781257439699
Barcelona,2025-11-30,52.0,60.0,60.0,45.97421374194656,52.54195593172948,44.857082913560696,54.247708144694975,44.32430670734672,60.54942389362398
Berlin,2024-05-31,23.787852266760023,22.994923857868024,22.994923857868024,24.096655028099303,23.349497708412986,24.34050288934246,23.198857698612446,25.0486178926043,23.254918787358665
Berlin,2024-06-30,23.787852266760023,23.787852266760023,23.787852266760023,24.295412430945838,23.65761215321069,24.520327127860966,23.375627153555428,24.569241991448273,23.282190099915343
Berlin,2024-07-31,22.20199544897602,23.787852266760023,23.787852266760023,24.25541271960742,23.334074261947066,24.64551174006796,23.709274479615036,24.730804488520107,23.620270721626653
Berlin,2024-08-31,22.994923857868024,22.20199544897602,22.20199544897602,23.37189382338672,23.555418902925464,23.123003465063682,23.273121796772013,23.360960889504895,23.019095705593266
Berlin,2024-09-30,21.40906704008402,22.994923857868024,22.994923857868024,23.880740373296696,23.88818059442161,24.41755768855527,23.745588936082036,25.000165193475667,23.397440557490892
Berlin,2024-10-31,20.61613863119202,21.40906704008402,21.40906704008402,22.570700607837615,21.894699456715884,22.03422671460641,22.721133903866924,22.384750834495346,22.65666557329496
Berlin,2024-11-30,20.61613863119202,20.61613863119202,20.61613863119202,22.649214842131194,21.5122336095986,22.144511081468877,21.844834346051883,22.566945534064494,21.95305079279131
Berlin,2024-12-31,20.61613863119202,20.61613863119202,20.61613863119202,22.207575093033988,21.232283837583726,21.654882159962398,21.33657586592513,22.194565704343468,21.309092390563553
Berlin,2025-01-31,21.40906704008402,20.61613863119202,20.61613863119202,22.310207730269354,20.576332857350682,23.073011065407215,20.894720303930423,23.294402787321147,20.789061923132298
Berlin,2025-02-28,22.20199544897602,21.40906704008402,21.40906704008402,22.735955104243665,21.456448699394112,21.9905317792296,21.919973752023022,22.46887481730254,21.97000664476649
Berlin,2025-03-31,21.40906704008402,22.20199544897602,22.20199544897602,22.89602443533532,22.794902516177455,23.5248324583757,23.36649762007148,23.9691279096141,23.19456832900623
Berlin,2025-04-30,22.20199544897602,21.40906704008402,21.40906704008402,22.674202509310938,22.429071589038156,22.361064585784305,22.99003008568326,22.657791662818845,22.862633456789975
Berlin,2025-05-31,22.994923857868024,22.20199544897602,22.20199544897602,23.303223236364147,23.616798362380308,23.64298308134559,23.47118838077789,23.731775877114572,23.282144859519008
Berlin,2025-06-30,22.994923857868024,22.994923857868024,22.994923857868024,23.28410088410582,23.68840571444943,22.3154909434465,23.943304319573468,22.962962670698452,23.592593339453746
Berlin,2025-07-31,26.166637493436024,22.994923857868024,22.994923857868024,23.737367601119935,23.65880811277778,24.172796111560384,23.618754023226643,24.659426932184072,23.292683166885865
Berlin,2025-08-31,28.54542272011203,26.166637493436024,26.166637493436024,25.068722738161767,23.375831945277366,25.283444830657317,23.58345253215015,25.1725909485106,23.652045909403242
Berlin,2025-09-30,25.373709084544025,28.54542272011203,28.54542272011203,25.51944778853931,24.29693671032815,25.497071270614292,25.12192724034159,25.1430409530522,25.128469713524307
Berlin,2025-10-31,25.373709084544025,25.373709084544025,25.373709084544025,24.912792890915135,24.279305705404617,24.53690192831914,26.031571024487853,24.875674910217633,26.879077498808094
Berlin,2025-11-30,22.994923857868024,25.373709084544025,25.373709084544025,25.459985051597837,24.097374352703486,26.1109065399921,25.82185357869215,26.940724290579244,26.779073003506316
Brussels,2024-05-31,2.378785226676002,2.378785226676002,2.378785226676002,2.578632967339056,2.378458153084441,3.0714601981793024,2.3891181325321984,2.91610600068476,2.293254834718766
Brussels,2024-06-30,2.378785226676002,2.378785226676002,2.378785226676002,2.6788550387983623,2.403182608944152,2.1360867384236144,2.4331077242379515,2.068560437634188,2.577725194517971
Brussels,2024-07-31,1.5858568177840016,2.378785226676002,2.378785226676002,2.648727063468291,2.4025904078417613,2.631849552046882,2.490669068992903,2.229722223188338,2.3731155390915344
Brussels,2024-08-31,2.378785226676002,1.5858568177840016,1.5858568177840016,1.8112042738492953,1.6800140745953593,1.5679000053141205,1.8550596634242769,1.4562529746806057,1.9647577788335773
Brussels,2024-09-30,2.378785226676002,2.378785226676002,2.378785226676002,2.829152830972733,2.39378555413063,2.692131937185911,2.3177288270813294,2.7134289356578716,2.3313556847909824
Brussels,2024-10-31,2.378785226676002,2.378785226676002,2.378785226676002,2.1364430361083624,2.3338103418507234,2.3159407806363017,2.2038995071510166,2.107170848766369,2.174569582918065
Brussels,2024-11-30,2.378785226676002,2.378785226676002,2.378785226676002,2.554509428588938,2.187569855598463,2.1704897857710552,2.2431073175988425,2.083402845936643,2.2278581383192204
Brussels,2024-12-31,2.378785226676002,2.378785226676002,2.378785226676002,2.3806520499030253,2.3466923200577248,2.1206162607574566,2.3965362123144374,1.7683105128492773,2.486022868240592
Brussels,2025-01-31,2.378785226676002,2.378785226676002,2.378785226676002,2.4107800252331,2.34963048114397,2.5741314554750545,2.3797228918173245,2.0802394951896837,2.3643582460815593
Brussels,2025-02-28,2.378785226676002,2.378785226676002,2.378785226676002,2.563185280693281,2.0988663877943985,2.404855196722737,2.29012446550474,2.138147353217475,2.2006676049730256
Brussels,2025-03-31,2.378785226676002,2.378785226676002,2.378785226676002,2.6162341076370392,2.3544112770611454,2.8803161603086593,2.388326762807344,2.8310178911765504,2.3894216698757202
Brussels,2025-04-30,2.378785226676002,2.378785226676002,2.378785226676002,2.6600952220024237,2.4051389419762272,2.4183801589694607,2.38154646283509,2.267725264565124,2.3324216448700947
Brussels,2025-05-31,2.378785226676002,2.378785226676002,2.378785226676002,2.6830160736161073,2.3795656522717583,2.519814451251454,2.4418528454616553,2.265545005483931,2.548163740413022
Brussels,2025-06-30,2.378785226676002,2.378785226676002,2.378785226676002,2.6788550387983623,2.403182608944152,2.0533779616947996,2.4456385472445574,1.780756550509924,2.4065920748835157
Brussels,2025-07-31,3.964642044460004,2.378785226676002,2.378785226676002,2.648727063468291,2.4025904078417613,2.5339145502546856,2.4388528293866107,2.327119862953273,2.3484739066289895
Brussels,2025-08-31,3.964642044460004,3.964642044460004,3.964642044460004,3.6098904568979027,3.602398083063283,3.897286752109226,3.5457361542303047,3.7850248700205107,3.460039766806845
Brussels,2025-09-30,3.171713635568003,3.964642044460004,3.964642044460004,2.9383605449070007,3.55833116166697,2.7997635810765082,3.532464106784625,2.8230384811273375,3.4372324401630565
Brussels,2025-10-31,3.171713635568003,3.171713635568003,3.171713635568003,2.9057277084954016,2.897399090891419,3.189754022523795,2.985585132592054,3.203268056701269,2.8725700786752366
Brussels,2025-11-30,3.171713635568003,3.171713635568003,3.171713635568003,2.8657495022939052,3.0463718666548187,2.833054807704274,3.044205477269941,2.718040755963962,3.0838785751765485
Budapest,2024-05-31,5.550498862244005,5.550498862244005,5.550498862244005,5.516780472792298,5.299857433398705,5.716949161967398,5.345348147380782,5.509020932768308,5.320169559579479
Budapest,2024-06-30,5.550498862244005,5.550498862244005,5.550498862244005,5.838387733449301,8.761131639142597,6.01447322334033,6.437847357322057,5.857739670458825,5.6693425758891
Budapest,2024-07-31,5.550498862244005,5.550498862244005,5.550498862244005,5.698967461648972,14.880784357432796,6.190997882202933,12.259142607086586,5.983607342723184,5.658717848420655
Budapest,2024-08-31,5.550498862244005,5.550498862244005,5.550498862244005,5.726939052250196,5.793156582254823,5.779659846315793,5.509343595166053,5.684486193244228,5.46941002558909
Budapest,2024-09-30,4.757570453352004,5.550498862244005,5.550498862244005,5.778273331583491,5.060952402981146,6.085608893049313,5.329907678145333,6.002440115551056,5.347137584527945
Budapest,2024-10-31,5.550498862244005,4.757570453352004,4.757570453352004,5.087701387637194,4.806791291135737,4.725474358267171,5.053453023358831,4.566641618660833,4.987779290816628
Budapest,2024-11-30,5.550498862244005,5.550498862244005,5.550498862244005,5.743105940239578,5.177297455022616,5.605191727058442,5.204974246586436,5.438351948730949,5.197920080827713
Budapest,2024-12-31,4.757570453352004,5.550498862244005,5.550498862244005,5.34830046355451,5.364789322835733,4.909904097073609,5.411067447318504,4.735151421553823,5.424597680906779
Budapest,2025-01-31,4.757570453352004,4.757570453352004,4.757570453352004,5.201094219890631,4.817183166212397,6.260736319404493,5.393098775795986,5.933776307581986,5.360109421048308
Budapest,2025-02-28,4.757570453352004,4.757570453352004,4.757570453352004,5.224354412338508,4.7818871210308,4.57631602624685,5.043234824264031,4.386568591962066,5.019600225526934
Budapest,2025-03-31,4.757570453352004,4.757570453352004,4.757570453352004,5.159302182300452,4.909061485262753,5.878084105343397,5.210675568669623,5.774827102672022,5.134304168437902
Budapest,2025-04-30,4.757570453352004,4.757570453352004,4.757570453352004,5.381181710169498,5.177272731602708,4.876453641785133,5.248988179483244,4.762969923759158,5.205809095141644
Budapest,2025-05-31,5.550498862244005,4.757570453352004,4.757570453352004,5.34857071964999,5.208555478554104,5.616018923738281,5.308019986639853,5.255152912257929,5.249612921240614
Budapest,2025-06-30,5.550498862244005,5.550498862244005,5.550498862244005,5.696918896000042,5.5031575997456645,4.943355557263407,5.3874438141439,4.796210364513973,5.390098338792898
Budapest,2025-07-31,7.929284088920008,5.550498862244005,5.550498862244005,5.482491462644482,5.29496022438382,6.463763804896218,5.4214564598463255,6.311005059517101,5.465392889590636
Budapest,2025-08-31,7.136355680028007,7.929284088920008,7.929284088920008,6.866768234032087,6.5959121675653085,6.486746451228064,6.7102518916222715,6.563673329683418,7.03262880678533
Budapest,2025-09-30,7.136355680028007,7.136355680028007,7.136355680028007,5.788568193702142,6.889572648488768,6.435122261423679,6.679577171530259,6.183386089091033,6.65139080678073
Budapest,2025-10-31,7.136355680028007,7.136355680028007,7.136355680028007,6.7890302458362575,6.418921202382372,6.988029377370797,6.574809618076762,6.847834055826435,6.637947623334295
Budapest,2025-11-30,7.136355680028007,7.136355680028007,7.136355680028007,6.404733780966999,6.712645252920004,6.211602417130921,6.644041373594774,6.088324285623961,6.786942735925106
Copenhagen,2024-05-31,2.378785226676002,3.171713635568003,3.171713635568003,3.5635199505916404,3.1097708622779945,3.7760576561303516,3.1975215621331095,3.4846578717601453,3.1286653701794838
Copenhagen,2024-06-30,2.378785226676002,2.378785226676002,2.378785226676002,2.255495807084083,2.575257907365187,2.3248527932153387,2.7114266471285537,2.02695160076207,2.732402149527827
Copenhagen,2024-07-31,3.171713635568003,2.378785226676002,2.378785226676002,3.042841712513173,2.67150977453312,3.0482368513437095,2.755322094211491,2.836625367535987,2.7376399291727798
Copenhagen,2024-08-31,3.171713635568003,3.171713635568003,3.171713635568003,3.2389498533945975,2.73438447804722,3.5766817431107203,2.8242138859744146,3.3150454130616644,2.8487412091533124
Copenhagen,2024-09-30,2.378785226676002,3.171713635568003,3.171713635568003,2.9588103047570335,3.1518475523679705,2.9404277646404537,3.1554592583113092,2.735708977042613,3.166594567806631
Copenhagen,2024-10-31,2.378785226676002,2.378785226676002,2.378785226676002,2.555271029072479,2.752065662650515,2.154792623906493,2.861515875114405,2.040808960998543,2.7685021352965498
Copenhagen,2024-11-30,3.171713635568003,2.378785226676002,2.378785226676002,2.593834141478716,2.357279328642271,2.7074896290146047,2.686012357499572,2.465108293169525,2.4829185386041113
Copenhagen,2024-12-31,2.378785226676002,3.171713635568003,3.171713635568003,3.082943344748811,2.8465544309993085,2.3879703337013627,2.8024908197995124,2.234310976034397,2.737851011530413
Copenhagen,2025-01-31,2.378785226676002,2.378785226676002,2.378785226676002,2.407503976262481,2.478578163593467,2.8267130134842784,2.7069040233434563,2.3902788597915716,2.6582100210588444
Copenhagen,2025-02-28,3.171713635568003,2.378785226676002,2.378785226676002,2.8541637143133194,2.4610382314766306,2.315980771769169,2.6056611005593626,2.02697335530908,2.6222439441731504
Copenhagen,2025-03-31,2.378785226676002,3.171713635568003,3.171713635568003,3.151342831321628,2.7948770412279944,3.5273121927812507,2.784936716915646,3.2066322814519133,2.7070932452584984
Copenhagen,2025-04-30,3.171713635568003,2.378785226676002,2.378785226676002,2.4896366018706058,2.554931317338846,2.254848693359609,2.5684496950964686,2.0640060490240497,2.5620784784109603
Copenhagen,2025-05-31,3.171713635568003,3.171713635568003,3.171713635568003,3.6180778870326353,3.1921724107098277,3.6680406959599257,3.085320414018696,3.475977003164454,3.0458746974920166
Copenhagen,2025-06-30,3.171713635568003,3.171713635568003,3.171713635568003,2.91199084271034,3.119639457432999,2.4667009396316164,3.103193468530432,2.1019475163538033,3.108170137674357
Copenhagen,2025-07-31,5.550498862244005,3.171713635568003,3.171713635568003,3.3915762285079243,3.0756319732038864,3.144914113686122,3.07737594406342,2.9765465426321214,3.1395741092734366
Copenhagen,2025-08-31,4.757570453352004,5.550498862244005,5.550498862244005,4.593129057894808,4.666944498055765,4.661610251002875,4.728072338546711,4.442143712929287,4.762005250116565
Copenhagen,2025-09-30,3.964642044460004,4.757570453352004,4.757570453352004,3.3498127156166966,4.419824341332191,3.4832704512424204,4.648328697056264,3.221996456426325,4.73087228402657
Copenhagen,2025-10-31,3.964642044460004,3.964642044460004,3.964642044460004,3.7981594059443218,3.578644059681916,3.479294892655954,3.5225986822523323,3.3309467648216895,3.7010656146770167
Copenhagen,2025-11-30,3.964642044460004,3.964642044460004,3.964642044460004,3.4727225960306516,3.598604610766736,3.762264842423873,3.574440122424308,3.4656776374484437,3.982278818441864
Dublin,2024-05-31,9.515140906704008,9.515140906704008,9.515140906704008,9.593027940056738,8.856149900394268,9.560173943633998,8.728287585937002,9.603657802940816,8.853258277755364
Dublin,2024-06-30,8.72221249781201,9.515140906704008,9.515140906704008,8.961845053178456,9.40594998482497,8.427575261006021,9.02133895443182,8.536390023773762,8.795546062070006
Dublin,2024-07-31,9.515140906704008,8.72221249781201,8.72221249781201,9.212127200482763,8.743364069217172,8.467250887604694,8.58364191516402,8.263584460871655,8.501047062996165
Dublin,2024-08-31,8.72221249781201,9.515140906704008,9.515140906704008,9.52387823336375,9.162352206444561,9.6793600899326,9.074212504901118,9.785492097651286,8.873348743175793
Dublin,2024-09-30,7.929284088920008,8.72221249781201,8.72221249781201,8.73478200879655,8.221104963768383,8.579477230531447,8.329422328429404,8.766501941738188,8.72378733576579
Dublin,2024-10-31,7.929284088920008,7.929284088920008,7.929284088920008,8.729872363996733,8.100702555694095,8.757361783695606,8.326670248424957,8.37255972847784,8.357046595034609
Dublin,2024-11-30,7.929284088920008,7.929284088920008,7.929284088920008,8.489951447679406,7.9761652121727415,8.100373152900302,8.379637425563622,8.21820343033671,8.331917265908649
Dublin,2024-12-31,8.72221249781201,7.929284088920008,7.929284088920008,8.49267596286017,8.196050350614607,8.381397584271308,8.535797248428526,8.494329327737011,8.401527067399696
Dublin,2025-01-31,7.929284088920008,8.72221249781201,8.72221249781201,9.00335512906246,8.150604006139492,9.414918000775018,8.314217120876028,9.393130740001894,8.47522534693324
Dublin,2025-02-28,7.929284088920008,7.929284088920008,7.929284088920008,8.35883476809163,8.154965530934932,7.6629714364065755,8.449147543911675,7.60426395503492,8.635481542077144
Dublin,2025-03-31,7.929284088920008,7.929284088920008,7.929284088920008,8.69852686236042,8.142372620347517,9.237417066845044,8.264197985106339,9.440698557394704,8.605529271070125
Dublin,2025-04-30,8.72221249781201,7.929284088920008,7.929284088920008,8.509067971124484,8.948472969513382,8.332276644583189,8.865585316898844,8.259267523948914,8.968917724627092
Dublin,2025-05-31,9.515140906704008,8.72221249781201,8.72221249781201,9.06807185574357,9.195706950730587,8.85016380591292,9.038042930294248,8.857742026287868,9.114749139985083
Dublin,2025-06-30,9.515140906704008,9.515140906704008,9.515140906704008,9.300732113538732,9.631328686652921,9.090803458909775,9.090958321971659,8.943154601151736,8.76912641514977
Dublin,2025-07-31,11.10099772448801,9.515140906704008,9.515140906704008,9.372704321942638,8.884051351236575,9.33119829756124,8.776267529538364,9.410950895853965,8.742391516265778
Dublin,2025-08-31,11.10099772448801,11.10099772448801,11.10099772448801,10.202303023580534,10.40768853348872,10.10294088117807,10.103476520407561,10.113187236324308,10.357501035813055
Dublin,2025-09-30,10.30806931559601,11.10099772448801,11.10099772448801,9.871476473696166,10.925905072312917,9.7479855247535,10.329136893481438,9.263517571520863,10.511390575214506
Dublin,2025-10-31,9.515140906704008,10.30806931559601,10.30806931559601,10.099050540846072,10.025549255409684,9.973850143763975,9.40052031685377,10.125188653081562,9.499108184041045
Dublin,2025-11-30,8.72221249781201,9.515140906704008,9.515140906704008,9.510770034954769,9.873363850509639,9.386634198256788,9.694370158898545,9.378814294238312,9.432252083391866
Florence,2024-05-31,4.757570453352004,4.757570453352004,4.757570453352004,5.584231347882979,5.155629995320379,5.9059085721574345,5.284911195495178,5.653761205373819,5.339286227496425
Florence,2024-06-30,4.757570453352004,4.757570453352004,4.757570453352004,5.703197793026984,5.470298686252027,5.219793057192172,5.478944679219494,5.048870557001081,5.449129882795061
Florence,2024-07-31,4.757570453352004,4.757570453352004,4.757570453352004,5.705892095220459,5.250265107268188,5.544957775891737,5.379767531027818,5.4112317824695495,5.32538075352669
Florence,2024-08-31,4.757570453352004,4.757570453352004,4.757570453352004,5.835888359540987,5.162937626442142,5.202336967903529,5.232473816132441,5.017632709143639,5.170714979918103
Florence,2024-09-30,4.757570453352004,4.757570453352004,4.757570453352004,5.727307690464042,4.857751232122466,5.149831289199952,5.081558831689514,5.173130876171708,5.108247550937058
Florence,2024-10-31,3.964642044460004,4.757570453352004,4.757570453352004,5.656304100458162,4.841175332306912,4.980032227574732,4.94761543847366,5.086982063358812,5.373056792540234
Florence,2024-11-30,3.964642044460004,3.964642044460004,3.964642044460004,4.968823692906703,3.8344750405084342,4.85243729145081,3.7740970809120453,4.69784600847202,4.118579518321386
Florence,2024-12-31,4.757570453352004,3.964642044460004,3.964642044460004,5.136822288098765,4.587644514185396,4.2404498163415685,4.285641385975343,4.166131543952334,4.305143994592676
Florence,2025-01-31,4.757570453352004,4.757570453352004,4.757570453352004,5.48914609939858,4.8985600295780785,6.080881032835084,5.0373625767581,5.75904200901515,5.156192482594299
Florence,2025-02-28,4.757570453352004,4.757570453352004,4.757570453352004,5.450367145027075,4.865721281335917,4.938714220294562,5.072424550015961,4.911859036021038,5.655218862339265
Florence,2025-03-31,4.757570453352004,4.757570453352004,4.757570453352004,5.766384802561434,4.97980566460787,7.034838387604765,5.245889439409582,6.853775570468865,5.339406933226645
Florence,2025-04-30,5.550498862244005,4.757570453352004,4.757570453352004,5.632227503423164,5.191696959196776,5.300469815295866,5.257175170365714,5.265903602208619,5.330129395320038
Florence,2025-05-31,4.757570453352004,5.550498862244005,5.550498862244005,6.128204077044854,5.1230964931395215,6.448943267558279,5.269652177692363,6.110732499414539,5.568503716907735
Florence,2025-06-30,5.550498862244005,4.757570453352004,4.757570453352004,5.532690448872726,5.979271714707242,4.843854593874697,5.8609770603147675,4.689486543343445,5.762482197780221
Florence,2025-07-31,6.343427271136006,5.550498862244005,5.550498862244005,6.395554931236044,5.55779573261127,6.848546033376009,5.309461126372483,6.559489206421259,5.5154693925180815
Florence,2025-08-31,6.343427271136006,6.343427271136006,6.343427271136006,6.23616669170651,11.025957625981713,5.482377641062678,11.786362249363233,5.6411962045231565,6.134121813519149
Florence,2025-09-30,5.550498862244005,6.343427271136006,6.343427271136006,6.498453741673881,5.367003199727871,6.942009415409865,5.58045078714139,6.827525463489419,13.842778531121882
Florence,2025-10-31,5.550498862244005,5.550498862244005,5.550498862244005,6.089765185522833,5.510106227472607,5.223240976612901,5.388317336985237,5.200184529654763,5.259276486018872
Florence,2025-11-30,4.757570453352004,5.550498862244005,5.550498862244005,6.097421949439649,5.5194366982571115,5.524237937085326,5.411068573167057,5.527485500670975,13.569069358462787
Istanbul,2024-05-31,14.213994352055224,14.213994352055224,14.213994352055224,16.402456148082347,16.378442185579182,16.224150264585788,15.760118684842904,16.82640334669738,15.478506584035724
Istanbul,2024-06-30,15.635393787260748,14.213994352055224,14.213994352055224,15.553332468584896,15.777249735478176,15.239971365059594,15.357878104525298,15.264831541795946,15.003745870841096
Istanbul,2024-07-31,15.635393787260748,15.635393787260748,15.635393787260748,15.93198937673532,15.886475718237628,16.079363428023623,15.462548571875546,15.618155760065527,14.888578313159007
Istanbul,2024-08-31,15.635393787260748,15.635393787260748,15.635393787260748,16.375423706978413,15.782934261728478,15.65656336682937,15.668245410220708,15.60920339218508,15.176899908315331
Istanbul,2024-09-30,14.213994352055224,15.635393787260748,15.635393787260748,16.628590709691625,16.30825851834302,16.23474500131606,16.35117860087521,16.568765457392814,15.722998589196031
Istanbul,2024-10-31,14.213994352055224,14.213994352055224,14.213994352055224,15.216264529602807,15.175811221918668,15.499443051513717,15.12925324403659,15.145039797734407,14.24023353387933
Istanbul,2024-11-30,14.213994352055224,14.213994352055224,14.213994352055224,15.467444977031564,15.534948599388242,15.315029161922864,15.19506993877221,15.953176802639346,14.568076280493388
Istanbul,2024-12-31,14.213994352055224,14.213994352055224,14.213994352055224,15.372472658961328,15.295118452184488,15.384533794059227,15.217180981502473,15.53478199261814,14.30215072639724
Istanbul,2025-01-31,17.056793222466272,14.213994352055224,14.213994352055224,15.609141535911508,15.044854361316476,15.640146625512557,14.75760292089553,15.579417809589117,13.877714798218102
Istanbul,2025-02-28,18.478192657671794,17.056793222466272,17.056793222466272,16.686544022428208,16.45615481686142,16.515741391457365,16.19793704276792,16.515398897702298,15.570971253874374
Istanbul,2025-03-31,17.056793222466272,18.478192657671794,18.478192657671794,16.86635932491564,18.371904493713167,17.364746110864246,17.24016100966315,17.83257494409541,16.993620463096118
Istanbul,2025-04-30,14.213994352055224,17.056793222466272,17.056793222466272,17.102692465283802,17.32958947614625,17.129991983831623,16.66490483509054,17.56933444597754,15.876350420935115
Istanbul,2025-05-31,14.213994352055224,14.213994352055224,14.213994352055224,15.416859604772615,16.329555909119968,15.019453656112717,15.716816191986153,15.434325536297504,15.330912713152156
Istanbul,2025-06-30,15.635393787260748,14.213994352055224,14.213994352055224,15.465357749923614,15.723595560033292,15.417505445021472,15.605703919506874,15.064478698981592,15.034202660480691
Istanbul,2025-07-31,19.89959209287732,15.635393787260748,15.635393787260748,16.176893484086566,15.939795791027983,16.03190781484502,15.647360313126715,16.349127939138466,15.149479629864828
Istanbul,2025-08-31,18.478192657671794,19.89959209287732,19.89959209287732,18.152086559621505,17.760124662017706,17.781420630107398,17.09687726389191,18.031726829169788,16.583672408195913
Istanbul,2025-09-30,17.056793222466272,18.478192657671794,18.478192657671794,17.093032662649613,17.415535478902996,17.834073587250447,17.184477067947718,17.94078669296256,16.662790642605284
Istanbul,2025-10-31,17.056793222466272,17.056793222466272,17.056793222466272,17.363683705684004,17.828077891631974,17.10788536582728,17.05511413163683,17.259755104105857,16.60774485301225
Istanbul,2025-11-30,21.32099152808284,17.056793222466272,17.056793222466272,16.770900353574447,18.067495743386534,17.072963090881274,17.64128195804867,17.514113729391568,16.71832061969266
Lisbon,2024-05-31,2.378785226676002,3.171713635568003,3.171713635568003,3.1302396412266678,2.802181142445452,3.820015258515875,2.7458052998432603,3.5223855818191456,2.6831144200035446
Lisbon,2024-06-30,2.378785226676002,2.378785226676002,2.378785226676002,2.3294656599505448,2.6431312653390076,2.41117690617172,2.676080889813371,2.0241163654630174,2.802182274384108
Lisbon,2024-07-31,2.378785226676002,2.378785226676002,2.378785226676002,2.760774738372321,2.6164070989698502,1.8715823987763809,2.593802229654355,1.531621095177094,2.5542372436307588
Lisbon,2024-08-31,2.378785226676002,2.378785226676002,2.378785226676002,2.479432583587867,2.401576872653487,2.8828476842395574,2.6069441546967114,2.3691486474706664,2.5562346783978755
Lisbon,2024-09-30,2.378785226676002,2.378785226676002,2.378785226676002,2.6044021701477664,2.2951033030050794,2.0012083624179375,2.4796051236528234,1.7362428064337205,2.497240199282934
Lisbon,2024-10-31,2.378785226676002,2.378785226676002,2.378785226676002,2.560541055782382,1.904200482948031,2.5123122139547043,2.190913846091564,2.2414247253727186,2.2171434132203562
Lisbon,2024-11-30,2.378785226676002,2.378785226676002,2.378785226676002,2.5104777285282065,1.9962397063148771,2.641138958640111,2.207859151047082,2.2328532441770825,2.312154290667781
Lisbon,2024-12-31,2.378785226676002,2.378785226676002,2.378785226676002,2.5146387633459515,2.1657209217312006,1.590370122059566,2.273272637533922,1.2896976899566521,2.2814261351661265
Lisbon,2025-01-31,2.378785226676002,2.378785226676002,2.378785226676002,2.544766738676026,2.20092791830543,3.9505020030318665,2.4965283599524204,3.1170193445076784,2.6227053497751287
Lisbon,2025-02-28,2.378785226676002,2.378785226676002,2.378785226676002,2.592788887859152,2.0105785158803635,1.2292443163302966,2.3116096276424103,0.7435629078824597,2.3253612205603393
Lisbon,2025-03-31,2.378785226676002,2.378785226676002,2.378785226676002,2.6458377148029104,2.408033408890626,4.3275154072799875,2.652715830704767,3.7589703676909405,2.6272619726343196
Lisbon,2025-04-30,2.378785226676002,2.378785226676002,2.378785226676002,2.6896988291682984,2.533028240878006,2.382734195165275,2.6517977729512956,1.8071854650769374,2.6397271606349513
Lisbon,2025-05-31,2.378785226676002,2.378785226676002,2.378785226676002,2.712619680781982,2.4215362087422014,3.0725792583586493,2.6000269673771834,2.4855818089576616,2.5434426132784647
Lisbon,2025-06-30,3.171713635568003,2.378785226676002,2.378785226676002,2.708458645964237,2.418945643722215,2.1096871132146138,2.6111552206389304,1.6419189070751763,2.4896991489751863
Lisbon,2025-07-31,4.757570453352004,3.171713635568003,3.171713635568003,3.1829234419405346,2.853424990707473,3.160506598066096,2.726188548296059,2.874129745803744,2.7203880023400506
Lisbon,2025-08-31,4.757570453352004,4.757570453352004,4.757570453352004,3.758213657000555,4.310592497052686,3.302129962453904,4.620856105781679,2.9364426244719812,4.64290974508156
Lisbon,2025-09-30,3.964642044460004,4.757570453352004,4.757570453352004,3.499354267681989,4.334384170097468,2.923576511254561,4.714903957681356,2.649129997328439,4.707724422834472
Lisbon,2025-10-31,3.171713635568003,3.964642044460004,3.964642044460004,3.383611867911945,3.7518226498094314,3.1920889031433344,3.7527914276233454,2.9823816992746774,3.8352149382732654
Lisbon,2025-11-30,3.171713635568003,3.171713635568003,3.171713635568003,2.7687365711521785,2.987438386092234,2.076163041191835,3.2265638139160457,1.852982184997165,3.3480337801695343
London,2024-05-31,44.0633824913712,42.64198305616568,42.64198305616568,43.362330459296615,42.292703783866855,44.32291506874644,41.935046414110055,44.52398846472704,42.050597989590955
London,2024-06-30,45.48478192657672,44.0633824913712,44.0633824913712,43.67297998222517,43.221466302303774,44.28330139548069,43.452620659183026,44.45242147401384,43.67556964236476
London,2024-07-31,45.48478192657672,45.48478192657672,45.48478192657672,44.20007756517453,46.68752081052065,45.071717302806526,46.86932139107177,45.80177532595814,47.577330706125075
London,2024-08-31,42.64198305616568,45.48478192657672,45.48478192657672,44.70551429862637,47.155200559671634,45.42188534470988,47.15923795921085,45.88616445293225,46.50039147774047
London,2024-09-30,44.0633824913712,42.64198305616568,42.64198305616568,43.197492844402596,43.65463423901093,44.16482161979629,44.07107128022217,44.76344751123344,43.54482862849149
London,2024-10-31,44.0633824913712,44.0633824913712,44.0633824913712,44.09514284457282,44.27426238716384,43.04640280358056,45.12877109387838,43.40282620571173,44.67562091500224
London,2024-11-30,41.22058362096016,44.0633824913712,44.0633824913712,43.548917783320334,44.0254949927675,43.69400115980006,44.223201526609984,44.02477879141077,44.142862596948525
London,2024-12-31,42.64198305616568,41.22058362096016,41.22058362096016,42.747576096415784,41.45176753278445,41.2984760814696,42.46921607906834,41.63030201673055,42.72416866813666
London,2025-01-31,45.48478192657672,42.64198305616568,42.64198305616568,43.373267015675594,41.0477262347675,43.8972997910102,41.64765646258501,44.169326959692874,41.991737731754924
London,2025-02-28,44.0633824913712,45.48478192657672,45.48478192657672,43.68700377781471,46.17679964951151,41.68884853563053,46.13952254375235,42.50238315104626,46.543814319045154
London,2025-03-31,42.64198305616568,44.0633824913712,44.0633824913712,43.87484230159317,46.78752455660648,45.43373008996252,46.91003543092796,46.226959554363624,45.39996872640909
London,2025-04-30,45.48478192657672,42.64198305616568,42.64198305616568,43.66064372215153,43.03310648489082,42.56145218906837,43.47983654578869,43.97796410922132,44.064714082223226
London,2025-05-31,46.906181361782245,45.48478192657672,45.48478192657672,44.318689698307836,44.83587421369554,43.98726601522156,45.306726311286866,44.641481431814086,46.55944154718683
London,2025-06-30,48.32758079698777,46.906181361782245,46.906181361782245,44.80547009325072,46.110056334300246,44.50971208294091,46.58288004239546,44.004164180597265,47.07213467377425
London,2025-07-31,58.27737684342642,48.32758079698777,48.32758079698777,46.659556595923604,46.729519698434764,46.401156689743544,47.0266008810918,47.296744364346665,48.47264435379845
London,2025-08-31,59.69877627863195,58.27737684342642,58.27737684342642,49.89301116259963,52.440545588050114,49.534308576420436,51.112987294258836,50.61419499885613,61.264605251428264
London,2025-09-30,54.01317853780986,59.69877627863195,59.69877627863195,49.944620916816255,51.58093509559461,50.10132508364796,51.906294510294494,49.22381895434335,51.14320667827846
London,2025-10-31,54.01317853780986,54.01317853780986,54.01317853780986,50.70128822360271,54.36205544420467,49.510066691459116,53.09516782073151,50.52101973683819,52.930518119955885
London,2025-11-30,49.74898023219329,54.01317853780986,54.01317853780986,50.37070766822879,56.978684973393214,49.43393028838,56.34630977675038,50.53422631282401,56.897526050771745
Madrid,2024-05-31,52.591779102604335,76.75556950109822,76.75556950109822,72.16893559688499,43.50172817064947,72.35708769873423,49.347865582627136,72.4501668370256,54.92945022010476
Madrid,2024-06-30,32.69218700972702,52.591779102604335,52.591779102604335,45.02443540420546,55.56352070059276,44.595678093724175,58.02744848936338,45.22309244421466,61.746048481394475
Madrid,2024-07-31,81.01976780671478,32.69218700972702,32.69218700972702,52.19991502559589,42.15462354292207,52.124808261673564,44.00091979158678,51.347126591108456,40.54433766528807
Madrid,2024-08-31,72.49137119548165,76.75556950109822,76.75556950109822,78.12975837973991,67.53977904057378,77.69541422182868,67.25728825210277,78.35390479334337,63.750667818596924
Madrid,2024-09-30,76.75556950109822,72.49137119548165,72.49137119548165,46.95220978556948,45.63740453871791,46.84696675211413,50.46538756784631,45.50995015562333,52.842240066824765
Madrid,2024-10-31,69.6485723250706,76.75556950109822,76.75556950109822,69.79552620825963,68.01180508186958,69.3619291169343,67.76105291266177,69.21218214140526,67.74160507077012
Madrid,2024-11-30,82.44116724192031,69.6485723250706,69.6485723250706,62.66309083599166,65.22939626650789,62.48900718001441,64.1624193310836,60.91291392564034,68.22118671836478
Madrid,2024-12-31,98.07656102918106,76.75556950109822,76.75556950109822,65.14867645366928,65.33753817912485,65.04119987656055,64.83506283818838,64.64895117639989,65.71953581727642
Madrid,2025-01-31,106.6049576404142,76.75556950109822,76.75556950109822,67.900710212269,64.84247880526551,68.86372243097294,68.1765117622826,67.86989570249068,65.39223840474378
Madrid,2025-02-28,96.65516159397554,76.75556950109822,76.75556950109822,75.60532900862778,64.55161908177146,74.12973155472572,66.69880557921323,74.47703765481627,64.02251122865212
Madrid,2025-03-31,142.13994352055226,76.75556950109822,76.75556950109822,68.76594852206668,75.26828297355972,70.75907089898384,74.33206964944755,70.37796936595763,72.46963730845337
Madrid,2025-04-30,86.70536554753687,76.75556950109822,76.75556950109822,67.92136982236512,79.03862749605648,66.83635316300979,80.01281624328425,66.91890185897482,73.74428283268124
Madrid,2025-05-31,66.80577345465956,76.75556950109822,76.75556950109822,60.96653649439512,60.11889554717406,61.46937957167272,62.4720309932571,61.337096743154746,61.12131275227381
Madrid,2025-06-30,66.80577345465956,66.80577345465956,66.80577345465956,44.909173656903576,59.131356511038724,43.80664618550292,59.65733080250202,42.10566629957627,62.874785585147144
Madrid,2025-07-31,62.54157514904299,66.80577345465956,66.80577345465956,51.61609455282906,62.568323192220134,51.936339318033056,63.324348869094806,51.06626345234006,68.29465252545951
Madrid,2025-08-31,82.44116724192031,62.54157514904299,62.54157514904299,60.119149271131036,65.6399838993018,58.951188034936166,66.4109335331246,58.8755946802702,69.34559788810408
Madrid,2025-09-30,83.86256667712583,76.75556950109822,76.75556950109822,68.95852882328299,74.52629057459195,69.60349381513801,74.37314741221246,69.62045155367441,74.72802621192814
Madrid,2025-10-31,79.59836837150927,76.75556950109822,76.75556950109822,69.28828571177696,58.002574811788584,68.48147725653082,59.670413330942736,68.55676841801174,63.15364556264929
Madrid,2025-11-30,86.70536554753687,76.75556950109822,76.75556950109822,68.16267137871544,65.61429566329204,68.17222118511478,63.44108442674223,66.01781377386962,67.15277242368552
Paris,2024-05-31,51.0,48.0,48.0,48.18365789898913,47.6960221115117,49.01210776858031,47.60603181543604,49.759921640815556,48.66973110826899
Paris,2024-06-30,69.0,51.0,51.0,50.17753415614344,47.92392270540684,50.824582395649614,47.67750074708265,51.58536202593024,48.82755068208648
Paris,2024-07-31,79.0,69.0,69.0,55.710074775346726,58.70745328990292,56.51057167115006,59.760209492289725,57.246910801642954,63.132207935867584
Paris,2024-08-31,53.0,76.75556950109822,76.75556950109822,54.997582887342894,48.012720014059376,55.99711246183305,52.967212924245146,57.033189935171876,52.37897280121128
Paris,2024-09-30,51.0,53.0,53.0,46.89249247433941,60.186313425715426,47.744419837955434,60.81729273970861,48.65286446086991,57.26195639812252
Paris,2024-10-31,48.0,51.0,51.0,45.55079513498568,62.09154986349735,45.563785467329396,62.373217835068395,44.87818588657958,59.19812262614494
Paris,2024-11-30,50.0,48.0,48.0,46.73498143380004,50.77770789068692,46.82478586468512,49.95983260546143,47.96653757034285,51.51232393716822
Paris,2024-12-31,46.0,50.0,50.0,52.18600695858085,51.927580153429496,52.005927069964,51.21619632904935,52.54312434273853,50.68621092170789
Paris,2025-01-31,46.0,46.0,46.0,48.04336417268922,49.13465447463372,47.614417602784954,49.1897171718789,49.71474212637163,50.563122324110104
Paris,2025-02-28,48.0,46.0,46.0,48.12200350585382,46.68868621461763,46.41678844830489,47.5807544112319,47.669489732779994,50.82634290666379
Paris,2025-03-31,47.0,48.0,48.0,47.732882646689546,48.56294002705153,47.943329588295576,48.826311368618555,49.23181210219523,50.32436634584809
Paris,2025-04-30,48.0,47.0,47.0,47.684765821522284,47.32405045120237,47.74950674197875,47.94765540657888,48.64364625257331,48.37831351856715
Paris,2025-05-31,51.0,48.0,48.0,48.79934220658528,47.55472078960233,48.07952479544772,47.40300663128019,49.11486693114385,48.181554593597724
Paris,2025-06-30,49.0,51.0,51.0,48.985864430943806,48.228284938031265,49.65948361276813,47.93196998784681,50.90634478080994,49.00348104651339
Paris,2025-07-31,55.0,49.0,49.0,48.425250202380084,47.76128162027287,48.714887118697575,47.56146715329884,50.44307181748088,48.80537749445558
Paris,2025-08-31,60.0,55.0,55.0,51.927694376056934,50.278075350755316,51.196427001719925,49.705604829213364,52.35858568308085,49.69425047333026
Paris,2025-09-30,56.0,60.0,60.0,52.19413512339828,52.36043904730603,52.300345275190466,51.72750151622205,52.136829108543594,50.36897147425019
Paris,2025-10-31,56.0,56.0,56.0,52.72564748591741,54.358661785015244,51.653980698067215,53.58019650514745,52.840115312000975,52.06486672152394
Paris,2025-11-30,53.0,56.0,56.0,53.81025010676041,60.92224384884173,52.69409871071541,58.993094079049925,54.34075030546132,64.97393690566909
Prague,2024-05-31,2.0,3.0,3.0,3.3951832566786297,2.8365410873642856,3.592511287766831,2.8047055429522185,3.226938854476158,2.792208685067683
Prague,2024-06-30,3.0,2.0,2.0,1.9161097915318468,2.46784021702502,2.2066834841697407,2.5405860407877476,1.730091825420704,2.6362607378326777
Prague,2024-07-31,3.0,3.0,3.0,3.5854017953931514,2.7929746511308142,3.72185564784186,2.845147899969373,3.2265240057849613,2.7559070956214216
Prague,2024-08-31,3.0,3.0,3.0,2.5924622512534263,2.462319970233548,2.8697486166158654,2.6503213682125275,2.4377510671393186,2.695302049005983
Prague,2024-09-30,3.0,3.0,3.0,3.09556356239146,3.030799076819269,3.5328197708781808,2.9806804932577124,3.1867207542001843,3.0383265348831574
Prague,2024-10-31,3.0,3.0,3.0,2.9230342447240023,2.9808636564717648,2.8956768685266496,2.9992520651996633,2.61609115198401,3.0418831607993506
Prague,2024-11-30,3.0,3.0,3.0,2.9001133931103187,3.0028012073709602,2.680471136731141,2.9685972113728747,2.3718727149128256,3.0213992970795807
Prague,2024-12-31,2.0,3.0,3.0,3.0359169635043965,2.9862068859986746,2.5054696429639254,2.9684356730264314,2.1462441881996863,3.020962638795905
Prague,2025-01-31,2.0,2.0,2.0,2.1356240662323476,2.3742805675907803,2.5163067227485385,2.5909524449374715,1.8685747180778556,2.8004486229721954
Prague,2025-02-28,2.0,2.0,2.0,2.482582593391987,2.4016317731013284,1.6889217099681986,2.52675194656893,1.251200123020375,2.5020115502178446
Prague,2025-03-31,3.0,2.0,2.0,2.3792141350673557,2.2507907096557034,2.799486921890333,2.5176756627384007,2.474230154210087,2.4717740086757605
Prague,2025-04-30,3.0,3.0,3.0,3.3094031174988388,2.222612177342752,3.3178307969621432,2.428763423767485,2.977155400192716,2.3861344900483483
Prague,2025-05-31,3.0,3.0,3.0,2.8126071610776577,2.4864205074326162,2.587588611995658,2.5837425974277424,2.1770837032412746,2.6782226498655572
Prague,2025-06-30,3.0,3.0,3.0,3.140088715479367,2.960387774660583,2.8131002175431377,2.9744419797289967,2.3966335865654695,3.005762325384696
Prague,2025-07-31,5.0,3.0,3.0,2.9721269896560063,3.023746047277018,3.885787412572924,3.0075480906910124,3.3516199207697266,3.046045276836214
Prague,2025-08-31,5.0,5.0,5.0,4.190982385187102,4.4201793704726375,2.9095745063189593,4.653692523135337,2.884960306740064,4.678667030108774
Prague,2025-09-30,4.0,5.0,5.0,3.5912740019664433,4.558645353440865,4.898865786168331,4.960703263468972,4.474922343516424,4.99662862247051
Prague,2025-10-31,5.0,4.0,4.0,3.600727129434052,3.7998069347579926,3.423054913589146,3.782566413350415,3.1139979481808044,3.859277344174004
Prague,2025-11-30,4.0,5.0,5.0,4.194845491459725,4.69039998128686,4.079603075320545,5.033742086796358,3.856261657830032,5.162385567029226
Rome,2024-05-31,7.0,11.0,11.0,8.663929062394718,9.163646542149705,8.422859668308242,9.018153022968047,8.092812830599687,9.28731619305518
Rome,2024-06-30,7.0,7.0,7.0,6.403660491120517,6.705477731187905,6.8772412474881275,7.053663565969003,6.2031654675970875,7.010685590567396
Rome,2024-07-31,6.0,7.0,7.0,7.652350044124265,6.620229586180694,7.060305160960751,6.929159304295842,6.5329880712250565,6.883892446633823
Rome,2024-08-31,7.0,6.0,6.0,5.8951168761107535,6.4526136583112095,6.102513084855472,6.752477845015125,5.439341151042697,6.692789886653066
Rome,2024-09-30,7.0,7.0,7.0,7.534971858665813,6.522587439912076,7.062412288035819,7.047477125805683,7.032545207161943,6.958485821214534
Rome,2024-10-31,6.0,7.0,7.0,6.936514067298508,6.476216504936553,6.35216603765641,6.623727556557364,6.116329141395968,6.523145822095686
Rome,2024-11-30,6.0,6.0,6.0,6.547520685345352,5.918407232698785,5.550032597573358,5.875636222912057,5.414689666215992,6.218123186645563
Rome,2024-12-31,7.0,6.0,6.0,6.492486285613525,6.384936007030154,5.427640302186807,6.297495547807779,5.234380631490033,6.274327545126221
Rome,2025-01-31,7.0,7.0,7.0,6.864808924251852,6.414102556877609,7.055934148535522,6.819582029964679,6.5110980332559905,6.932056503189407
Rome,2025-02-28,7.0,7.0,7.0,6.95417778162768,7.078825203527936,6.074590164881788,7.513633440738451,5.614039996699639,7.4707541726650435
Rome,2025-03-31,8.0,7.0,7.0,7.338869197790889,7.6597903736674064,9.028790132440506,7.736247775392316,8.696325208855281,7.700446283747177
Rome,2025-04-30,12.0,8.0,8.0,7.607048165588119,9.666473913881708,7.936253177422146,9.168240043974334,7.764234909888834,9.030089336063408
Rome,2025-05-31,7.0,12.0,12.0,9.287933844228808,10.15416252605466,9.663972270696545,9.990942944515329,8.979451127679027,10.070248269487605
Rome,2025-06-30,7.0,7.0,7.0,6.227261070065597,6.745213622609175,6.096819615619599,7.0550886372052695,5.675060381653342,7.011986205229505
Rome,2025-07-31,10.0,7.0,7.0,7.757556656670166,6.697776249656165,8.269609007730343,6.885973567266914,7.743286427713414,6.819103742985025
Rome,2025-08-31,10.0,10.0,10.0,7.885078877164597,8.102496144391752,7.046320781072183,7.8308230718591,6.765373151000937,7.765395264260065
Rome,2025-09-30,9.0,10.0,10.0,8.456205963842734,8.12686429013015,9.000215585545595,7.880091375163612,8.845843765530965,8.163406364877106
Rome,2025-10-31,9.0,9.0,9.0,8.873412408229797,8.28862978064159,7.050958567687924,8.297915835692827,6.872408016845759,8.340945113662254
Rome,2025-11-30,8.0,9.0,9.0,8.216561426278275,8.330097423674609,7.964153893665735,8.37573955595052,7.780167943168238,8.589651926176723
Stockholm,2024-05-31,5.550498862244005,4.757570453352004,4.757570453352004,5.193983635348468,4.942166999479643,5.108038934599497,4.940824977286552,4.892618660117041,4.859689730506502
Stockholm,2024-06-30,5.550498862244005,5.550498862244005,5.550498862244005,5.673857393616059,5.539688740680945,5.837380994284812,5.3902653787578405,5.748727070350097,5.253627648363739
Stockholm,2024-07-31,4.757570453352004,5.550498862244005,5.550498862244005,5.4594299602605005,5.291265875298132,5.054100599073758,5.221635769238556,5.119756354935095,5.819587511952092
Stockholm,2024-08-31,4.757570453352004,4.757570453352004,4.757570453352004,5.1320489183641165,4.993031741665679,4.793411562174478,4.884146169197587,4.769609937823159,4.891960848333727
Stockholm,2024-09-30,5.550498862244005,4.757570453352004,4.757570453352004,5.122964251718507,4.64201494145706,5.1592904078733355,4.693135716250439,5.056457535741631,4.772059671759477
Stockholm,2024-10-31,4.757570453352004,5.550498862244005,5.550498862244005,5.439110221307388,5.068524985978985,5.219778205568575,5.054541754037518,5.225091831727125,4.9703723504455155
Stockholm,2024-11-30,4.757570453352004,4.757570453352004,4.757570453352004,4.915882378981296,4.568173352099463,4.612332468566532,4.556453978335606,4.539639202645299,4.824971809133243
Stockholm,2024-12-31,4.757570453352004,4.757570453352004,4.757570453352004,5.238361734060836,4.709008818650861,5.255240602893098,4.805436273161467,5.209227439509787,4.877069632333938
Stockholm,2025-01-31,4.757570453352004,4.757570453352004,4.757570453352004,4.979637861656398,4.715507867841689,4.952343285897918,4.921375267768579,4.768771772512141,4.9685154635983535
Stockholm,2025-02-28,4.757570453352004,4.757570453352004,4.757570453352004,5.205678424343182,4.76823689854026,5.162188423573975,4.860920290398669,4.955065493640449,4.995765356729068
Stockholm,2025-03-31,4.757570453352004,4.757570453352004,4.757570453352004,5.25872725128694,4.924353751022549,5.296592367915975,4.907324773073937,5.169292628609245,4.917558685227984
Stockholm,2025-04-30,5.550498862244005,4.757570453352004,4.757570453352004,5.275445890011836,5.306083624767957,5.0935523056432945,5.010451434906184,5.020762600525389,5.119887760460392
Stockholm,2025-05-31,5.550498862244005,5.550498862244005,5.550498862244005,5.678018428433802,5.34619013444692,5.707920004731011,5.305522400873529,5.55298460036969,5.263314070665903
Stockholm,2025-06-30,5.550498862244005,5.550498862244005,5.550498862244005,5.489557935590577,5.417637808983216,5.12732092448352,5.269143552537417,5.1024529997546235,5.214556630003656
Stockholm,2025-07-31,7.929284088920008,5.550498862244005,5.550498862244005,5.785198255735247,8.583487843098016,5.229609054986007,15.131598622785353,5.301999839395542,5.694586784407445
Stockholm,2025-08-31,6.343427271136006,7.929284088920008,7.929284088920008,6.738757374380162,6.70931074057757,6.621523366887485,7.216281313002697,6.537899831628865,7.318286143856955
Stockholm,2025-09-30,6.343427271136006,6.343427271136006,6.343427271136006,5.384186872864939,5.580026616107672,5.462815648252494,5.7089491099783185,5.508426307174442,6.414396961538566
Stockholm,2025-10-31,5.550498862244005,6.343427271136006,6.343427271136006,6.41582284259615,5.438619153865896,5.862150702769576,5.4612885625456205,5.729638265298804,5.633536598115532
Stockholm,2025-11-30,5.550498862244005,5.550498862244005,5.550498862244005,5.219302387739955,5.469737477837281,5.394437422899889,5.3454177863720655,5.347048714882929,5.411186099015138
Venice,2024-05-31,3.171713635568003,3.171713635568003,3.171713635568003,3.499393498382501,3.2353542183707567,3.346571110210931,3.192613087944803,3.0192913539767474,3.218278002036402
Venice,2024-06-30,3.171713635568003,3.171713635568003,3.171713635568003,3.599615569841811,3.2700346230598214,3.1632405838474256,3.187533820697999,2.9190118301913692,3.2359288339876615
Venice,2024-07-31,3.171713635568003,3.171713635568003,3.171713635568003,3.569487594511733,3.3059073694277528,3.1379140564100094,3.17478155333618,2.713635334531361,3.2127721495259363
Venice,2024-08-31,3.171713635568003,3.171713635568003,3.171713635568003,3.521465445328607,3.5716509832871037,2.795998992558456,3.166757998036236,2.552715849266022,3.2103788352379428
Venice,2024-09-30,3.171713635568003,3.171713635568003,3.171713635568003,3.4684166183848486,3.3252367811838197,3.5023337091782363,3.12355449557262,3.3014014548955313,3.214939488437515
Venice,2024-10-31,2.378785226676002,3.171713635568003,3.171713635568003,3.424555504019464,3.3202982674344392,2.672226389981999,3.047965769784876,2.4090536583779514,3.2120979788567783
Venice,2024-11-30,2.378785226676002,2.378785226676002,2.378785226676002,2.6746045542189556,2.7478477459830715,2.5037034619374854,2.834893558568575,2.386722321257702,3.009196584626308
Venice,2024-12-31,3.171713635568003,2.378785226676002,2.378785226676002,2.905073691660064,2.6609358058323247,2.215061954262598,2.7729625164727003,2.033782947627641,2.679722149616661
Venice,2025-01-31,3.171713635568003,3.171713635568003,3.171713635568003,3.3573503705583505,2.9784026380252726,3.5492575844503076,3.0145702261550804,3.135603180866914,2.9742704356549057
Venice,2025-02-28,3.171713635568003,3.171713635568003,3.171713635568003,3.2186185485883723,3.0536511199286362,2.6142228464429955,3.0923722498581006,2.4104329837005665,3.1629971644284214
Venice,2025-03-31,3.171713635568003,3.171713635568003,3.171713635568003,3.5346362061227357,3.1011297700308145,4.306229128117151,3.318753281733084,4.027172921157582,3.2863346479869486
Venice,2025-04-30,3.171713635568003,3.171713635568003,3.171713635568003,3.4004789069844623,3.237925474492397,3.1805132046498983,3.1652021204771232,2.9143275326483735,3.183358440211343
Venice,2025-05-31,3.171713635568003,3.171713635568003,3.171713635568003,3.499393498382501,3.2353542183707567,3.778614263791976,3.1606097738480172,3.3919670370403523,3.1637977136111872
Venice,2025-06-30,3.171713635568003,3.171713635568003,3.171713635568003,3.599615569841811,3.2700346230598214,3.0498549499669334,3.1862436097855444,2.7694849315296004,3.229073886957178
Venice,2025-07-31,4.757570453352004,3.171713635568003,3.171713635568003,3.569487594511733,3.3059073694277528,3.953418740010436,3.1486293416478275,3.6457866389617184,3.2142736363941298
Venice,2025-08-31,4.757570453352004,4.757570453352004,4.757570453352004,4.40570990344326,4.258527073883095,3.7188200616669267,4.529996461739203,3.7519848736154415,4.659430735810681
Venice,2025-09-30,3.964642044460004,4.757570453352004,4.757570453352004,3.859121075950446,4.305053038543523,4.291682158429596,4.669126363992296,4.081679342287558,4.796256765629092
Venice,2025-10-31,3.171713635568003,3.964642044460004,3.964642044460004,3.851476456438464,3.6759543773292087,2.9004931680790254,3.7020007321611734,2.825532176687231,3.9509739942245368
Venice,2025-11-30,3.171713635568003,3.171713635568003,3.171713635568003,3.1550075458400926,3.348413552271627,2.89405983588008,3.521990787621846,2.5856597611514793,3.6489648138943336
Vienna,2024-05-31,3.171713635568003,3.171713635568003,3.171713635568003,3.565361232842415,3.1913638394740538,4.021060536580686,3.2555563984089804,3.7135576448220036,3.236971725938839
Vienna,2024-06-30,3.964642044460004,3.171713635568003,3.171713635568003,3.5612001980246735,3.19474322483576,3.9933937528812837,3.1943507289140203,3.656310156866734,3.1904964075028106
Vienna,2024-07-31,4.757570453352004,3.964642044460004,3.964642044460004,3.973194451751924,3.61724545873279,4.708267496981504,3.554227021073924,4.3169412840346535,3.4828707956985654
Vienna,2024-08-31,3.964642044460004,4.757570453352004,4.757570453352004,4.119187825962152,4.353618846316921,3.869615646744302,4.773737505009192,3.676863886221378,4.760382810326231
Vienna,2024-09-30,3.964642044460004,3.964642044460004,3.964642044460004,3.647793601960812,3.8175563252796576,4.747506537733097,3.816643788286639,4.519919446814754,3.808505052489974
Vienna,2024-10-31,3.964642044460004,3.964642044460004,3.964642044460004,3.8966716643836055,3.6703286473633105,3.7747425121913842,3.755963977422817,3.5815586031276805,3.8185852011005212
Vienna,2024-11-30,3.964642044460004,3.964642044460004,3.964642044460004,3.717575605712492,3.569812186528375,4.0869751684810485,3.677476842028804,3.649746535482894,3.7369598301444102
Vienna,2024-12-31,3.171713635568003,3.964642044460004,3.964642044460004,3.986727864895572,4.163954279591811,3.314373373335526,3.981670740622594,3.104427072787246,3.899928280772507
Vienna,2025-01-31,3.171713635568003,3.171713635568003,3.171713635568003,3.3447183628036186,3.539923313068037,4.346465821452005,3.708466639920984,3.8326268306018125,3.6662071100499958
Vienna,2025-02-28,3.171713635568003,3.171713635568003,3.171713635568003,3.537013518204825,3.1156560108183307,2.6336637736769593,3.3781584770367536,2.287111577735292,3.433083914342956
Vienna,2025-03-31,3.171713635568003,3.171713635568003,3.171713635568003,3.466034636017513,3.3772580479247445,3.7134819519416276,3.3673079498189984,3.3824082192409684,3.3830657176153007
Vienna,2025-04-30,3.171713635568003,3.171713635568003,3.171713635568003,3.6251146990024115,3.131411775999755,3.3156033695671354,3.1675224425495876,3.1652735962429777,3.136003690753032
Vienna,2025-05-31,3.171713635568003,3.171713635568003,3.171713635568003,3.592503708482907,3.1689838396883885,3.7494815307910176,3.184136180640659,3.373075275567974,3.055175073203319
Vienna,2025-06-30,3.964642044460004,3.171713635568003,3.171713635568003,3.5612001980246735,3.19474322483576,3.0344258459992144,3.1812394038658836,2.717598532070852,3.152983553759601
Vienna,2025-07-31,6.343427271136006,3.964642044460004,3.964642044460004,3.973194451751924,3.61724545873279,5.152538767602804,3.5732317058980128,4.866358436335599,3.609900492996723
Vienna,2025-08-31,6.343427271136006,6.343427271136006,6.343427271136006,4.946434200887541,4.831177975139233,5.032184724988243,5.062637047022809,4.710418108340315,5.149606609766541
Vienna,2025-09-30,7.136355680028007,6.343427271136006,6.343427271136006,4.548726677973807,7.838919920672621,4.864935149103104,10.990975128927815,4.624854513000937,6.119125521496301
Vienna,2025-10-31,5.550498862244005,7.136355680028007,7.136355680028007,5.739723974896316,8.441127794302057,6.436023436550965,10.970741715695555,6.263139931034637,13.529305022201427
Vienna,2025-11-30,5.550498862244005,5.550498862244005,5.550498862244005,4.29537597787928,5.080203850628295,4.116831881364641,5.2043166795862374,3.8419223533239375,5.214305897398342
Warsaw,2024-05-31,1.5858568177840016,1.5858568177840016,1.5858568177840016,1.829887815087675,1.590161286289423,1.458944338156586,1.7848224064700344,1.2792947694025898,1.6983291073825022
Warsaw,2024-06-30,1.5858568177840016,1.5858568177840016,1.5858568177840016,1.930109886546985,1.5842709609662253,2.023201175288838,1.7086125901055078,1.8144902330917496,1.5933040350745653
Warsaw,2024-07-31,1.5858568177840016,1.5858568177840016,1.5858568177840016,1.8999819112169103,1.5896326673501617,1.8375570062203668,1.7724279033128834,1.550706428021746,1.6967061755561732
Warsaw,2024-08-31,1.5858568177840016,1.5858568177840016,1.5858568177840016,1.8519597620337809,1.5852904403490864,1.8348619369146846,1.6279931734640347,1.5935107608732952,1.6527527610379074
Warsaw,2024-09-30,1.5858568177840016,1.5858568177840016,1.5858568177840016,1.7989109350900225,1.406303647757977,1.5810085367979738,1.6873851914299827,1.3100765737502975,1.6802999841631114
Warsaw,2024-10-31,1.5858568177840016,1.5858568177840016,1.5858568177840016,1.755049820724638,1.5177413906224189,1.5325868415621287,1.6576658879200268,1.3891989460936394,1.6485722620923113
Warsaw,2024-11-30,1.5858568177840016,1.5858568177840016,1.5858568177840016,1.7321289691109545,1.1643937921746677,1.6421023074815668,1.5426444580983147,1.5863015889114855,1.5817700649312834
Warsaw,2024-12-31,1.5858568177840016,1.5858568177840016,1.5858568177840016,1.736290003928696,1.4673625672919308,1.94010443874725,1.5992740866695077,1.6801444853102332,1.6087283805522985
Warsaw,2025-01-31,1.5858568177840016,1.5858568177840016,1.5858568177840016,1.7664179792587706,1.3737098108979302,1.703036458365549,1.6362301517841589,1.2984969886271234,1.5813993981979348
Warsaw,2025-02-28,1.5858568177840016,1.5858568177840016,1.5858568177840016,1.8144401284419,1.309447761460616,1.770130750271024,1.5328228601435376,1.5973813433302908,1.6262964166937628
Warsaw,2025-03-31,1.5858568177840016,1.5858568177840016,1.5858568177840016,1.8674889553856584,1.4361180670412794,1.704616403089915,1.5632052211747707,1.7745647334371846,1.586190642894658
Warsaw,2025-04-30,1.5858568177840016,1.5858568177840016,1.5858568177840016,1.9113500697510464,1.5512700357580518,1.7953375453104456,1.6886549473631651,1.6828556650134878,1.610608370216639
Warsaw,2025-05-31,1.5858568177840016,1.5858568177840016,1.5858568177840016,1.9342709213647264,1.59306869045536,1.4148303586791702,1.8013690233982367,1.050817172450543,1.704836504880273
Warsaw,2025-06-30,1.5858568177840016,1.5858568177840016,1.5858568177840016,1.930109886546985,1.5842709609662253,1.6626788223657343,1.6923668158669078,1.340104209842469,1.680515699365697
Warsaw,2025-07-31,3.171713635568003,1.5858568177840016,1.5858568177840016,1.8999819112169103,1.5896326673501617,1.9232963994436858,1.6874692805881386,1.5827308274709821,1.6676567644386728
Warsaw,2025-08-31,2.378785226676002,3.171713635568003,3.171713635568003,3.062740460594714,2.121571195939559,2.9448793989153526,2.247616963291169,2.7771768365471736,2.3022571287569695
Warsaw,2025-09-30,2.378785226676002,2.378785226676002,2.378785226676002,1.6514157978191104,2.2798205127899815,1.7688459337131999,2.26613459933247,1.486879182603385,2.283149734880826
Warsaw,2025-10-31,2.378785226676002,2.378785226676002,2.378785226676002,2.371808687620552,2.3162165531554084,2.3050855857467916,2.3310723671098703,2.1909151263446205,2.352879341128012
Warsaw,2025-11-30,2.378785226676002,2.378785226676002,2.378785226676002,2.0093404956909087,2.2011244310814098,2.374591484888578,2.266514241894903,2.0536801427594042,2.2677885083667646
