date,city,trend_score
2018-01-31,Amsterdam,16.0
2018-02-28,Amsterdam,15.0
2018-03-31,Amsterdam,15.0
2018-04-30,Amsterdam,16.0
2018-05-31,Amsterdam,14.0
2018-06-30,Amsterdam,14.0
2018-07-31,Amsterdam,15.0
2018-08-31,Amsterdam,17.0
2018-09-30,Amsterdam,16.0
2018-10-31,Amsterdam,16.0
2018-11-30,Amsterdam,15.0
2018-12-31,Amsterdam,14.0
2019-01-31,Amsterdam,16.0
2019-02-28,Amsterdam,15.0
2019-03-31,Amsterdam,15.0
2019-04-30,Amsterdam,17.0
2019-05-31,Amsterdam,16.0
2019-06-30,Amsterdam,16.0
2019-07-31,Amsterdam,16.0
2019-08-31,Amsterdam,16.0
2019-09-30,Amsterdam,16.0
2019-10-31,Amsterdam,17.0
2019-11-30,Amsterdam,15.0
2019-12-31,Amsterdam,15.0
2020-01-31,Amsterdam,16.0
2020-02-29,Amsterdam,15.0
2020-03-31,Amsterdam,10.0
2020-04-30,Amsterdam,7.0
2020-05-31,Amsterdam,8.0
2020-06-30,Amsterdam,10.0
2020-07-31,Amsterdam,11.0
2020-08-31,Amsterdam,11.0
2020-09-30,Amsterdam,9.0
2020-10-31,Amsterdam,8.0
2020-11-30,Amsterdam,7.0
2020-12-31,Amsterdam,7.0
2021-01-31,Amsterdam,7.0
2021-02-28,Amsterdam,7.0
2021-03-31,Amsterdam,9.0
2021-04-30,Amsterdam,9.0
2021-05-31,Amsterdam,9.0
2021-06-30,Amsterdam,10.0
2021-07-31,Amsterdam,10.0
2021-08-31,Amsterdam,11.0
2021-09-30,Amsterdam,11.0
2021-10-31,Amsterdam,12.0
2021-11-30,Amsterdam,11.0
2021-12-31,Amsterdam,8.0
2022-01-31,Amsterdam,9.0
2022-02-28,Amsterdam,11.0
2022-03-31,Amsterdam,12.0
2022-04-30,Amsterdam,13.0
2022-05-31,Amsterdam,12.0
2022-06-30,Amsterdam,13.0
2022-07-31,Amsterdam,13.0
2022-08-31,Amsterdam,12.0
2022-09-30,Amsterdam,12.0
2022-10-31,Amsterdam,14.0
2022-11-30,Amsterdam,12.0
2022-12-31,Amsterdam,13.0
2023-01-31,Amsterdam,14.0
2023-02-28,Amsterdam,14.0
2023-03-31,Amsterdam,12.0
2023-04-30,Amsterdam,13.0
2023-05-31,Amsterdam,12.0
2023-06-30,Amsterdam,12.0
2023-07-31,Amsterdam,13.0
2023-08-31,Amsterdam,13.0
2023-09-30,Amsterdam,12.0
2023-10-31,Amsterdam,13.0
2023-11-30,Amsterdam,12.0
2023-12-31,Amsterdam,11.0
2024-01-31,Amsterdam,12.0
2024-02-29,Amsterdam,12.0
2024-03-31,Amsterdam,12.0
2024-04-30,Amsterdam,13.0
2024-05-31,Amsterdam,12.0
2024-06-30,Amsterdam,12.0
2024-07-31,Amsterdam,13.0
2024-08-31,Amsterdam,13.0
2024-09-30,Amsterdam,12.0
2024-10-31,Amsterdam,13.0
2024-11-30,Amsterdam,13.0
2024-12-31,Amsterdam,12.0
2025-01-31,Amsterdam,12.0
2025-02-28,Amsterdam,12.0
2025-03-31,Amsterdam,12.0
2025-04-30,Amsterdam,12.0
2025-05-31,Amsterdam,13.0
2025-06-30,Amsterdam,12.0
2025-07-31,Amsterdam,13.0
2025-08-31,Amsterdam,16.0
2025-09-30,Amsterdam,16.0
2025-10-31,Amsterdam,16.0
2025-11-30,Amsterdam,14.0
2025-12-31,Amsterdam,13.0
2018-01-31,Athens,4.264198305616568
2018-02-28,Athens,4.264198305616568
2018-03-31,Athens,4.264198305616568
2018-04-30,Athens,4.264198305616568
2018-05-31,Athens,4.264198305616568
2018-06-30,Athens,4.264198305616568
2018-07-31,Athens,4.264198305616568
2018-08-31,Athens,4.264198305616568
2018-09-30,Athens,4.264198305616568
2018-10-31,Athens,4.264198305616568
2018-11-30,Athens,4.264198305616568
2018-12-31,Athens,4.264198305616568
2019-01-31,Athens,4.264198305616568
2019-02-28,Athens,4.264198305616568
2019-03-31,Athens,4.264198305616568
2019-04-30,Athens,4.264198305616568
2019-05-31,Athens,4.264198305616568
2019-06-30,Athens,4.264198305616568
2019-07-31,Athens,4.264198305616568
2019-08-31,Athens,4.264198305616568
2019-09-30,Athens,4.264198305616568
2019-10-31,Athens,4.264198305616568
2019-11-30,Athens,4.264198305616568
2019-12-31,Athens,2.842798870411045
2020-01-31,Athens,4.264198305616568
2020-02-29,Athens,4.264198305616568
2020-03-31,Athens,2.842798870411045
2020-04-30,Athens,2.842798870411045
2020-05-31,Athens,2.842798870411045
2020-06-30,Athens,2.842798870411045
2020-07-31,Athens,2.842798870411045
2020-08-31,Athens,2.842798870411045
2020-09-30,Athens,2.842798870411045
2020-10-31,Athens,2.842798870411045
2020-11-30,Athens,2.842798870411045
2020-12-31,Athens,2.842798870411045
2021-01-31,Athens,2.842798870411045
2021-02-28,Athens,2.842798870411045
2021-03-31,Athens,2.842798870411045
2021-04-30,Athens,2.842798870411045
2021-05-31,Athens,2.842798870411045
2021-06-30,Athens,2.842798870411045
2021-07-31,Athens,2.842798870411045
2021-08-31,Athens,2.842798870411045
2021-09-30,Athens,2.842798870411045
2021-10-31,Athens,2.842798870411045
2021-11-30,Athens,2.842798870411045
2021-12-31,Athens,2.842798870411045
2022-01-31,Athens,2.842798870411045
2022-02-28,Athens,2.842798870411045
2022-03-31,Athens,2.842798870411045
2022-04-30,Athens,4.264198305616568
2022-05-31,Athens,4.264198305616568
2022-06-30,Athens,4.264198305616568
2022-07-31,Athens,4.264198305616568
2022-08-31,Athens,4.264198305616568
2022-09-30,Athens,4.264198305616568
2022-10-31,Athens,4.264198305616568
2022-11-30,Athens,2.842798870411045
2022-12-31,Athens,2.842798870411045
2023-01-31,Athens,4.264198305616568
2023-02-28,Athens,4.264198305616568
2023-03-31,Athens,4.264198305616568
2023-04-30,Athens,4.264198305616568
2023-05-31,Athens,4.264198305616568
2023-06-30,Athens,4.264198305616568
2023-07-31,Athens,4.264198305616568
2023-08-31,Athens,4.264198305616568
2023-09-30,Athens,4.264198305616568
2023-10-31,Athens,4.264198305616568
2023-11-30,Athens,4.264198305616568
2023-12-31,Athens,2.842798870411045
2024-01-31,Athens,4.264198305616568
2024-02-29,Athens,4.264198305616568
2024-03-31,Athens,4.264198305616568
2024-04-30,Athens,4.264198305616568
2024-05-31,Athens,4.264198305616568
2024-06-30,Athens,4.264198305616568
2024-07-31,Athens,4.264198305616568
2024-08-31,Athens,4.264198305616568
2024-09-30,Athens,4.264198305616568
2024-10-31,Athens,4.264198305616568
2024-11-30,Athens,4.264198305616568
2024-12-31,Athens,4.264198305616568
2025-01-31,Athens,4.264198305616568
2025-02-28,Athens,4.264198305616568
2025-03-31,Athens,4.264198305616568
2025-04-30,Athens,4.264198305616568
2025-05-31,Athens,4.264198305616568
2025-06-30,Athens,4.264198305616568
2025-07-31,Athens,4.264198305616568
2025-08-31,Athens,5.68559774082209
2025-09-30,Athens,5.68559774082209
2025-10-31,Athens,5.68559774082209
2025-11-30,Athens,5.68559774082209
2025-12-31,Athens,4.264198305616568
2018-01-31,Barcelona,36.0
2018-02-28,Barcelona,39.0
2018-03-31,Barcelona,38.0
2018-04-30,Barcelona,40.0
2018-05-31,Barcelona,35.0
2018-06-30,Barcelona,23.0
2018-07-31,Barcelona,27.0
2018-08-31,Barcelona,31.0
2018-09-30,Barcelona,31.0
2018-10-31,Barcelona,34.0
2018-11-30,Barcelona,29.0
2018-12-31,Barcelona,25.0
2019-01-31,Barcelona,30.0
2019-02-28,Barcelona,40.0
2019-03-31,Barcelona,35.0
2019-04-30,Barcelona,42.0
2019-05-31,Barcelona,47.0
2019-06-30,Barcelona,26.0
2019-07-31,Barcelona,29.0
2019-08-31,Barcelona,34.0
2019-09-30,Barcelona,33.0
2019-10-31,Barcelona,39.0
2019-11-30,Barcelona,35.0
2019-12-31,Barcelona,42.0
2020-01-31,Barcelona,40.0
2020-02-29,Barcelona,42.0
2020-03-31,Barcelona,26.0
2020-04-30,Barcelona,11.0
2020-05-31,Barcelona,14.0
2020-06-30,Barcelona,31.0
2020-07-31,Barcelona,30.0
2020-08-31,Barcelona,36.0
2020-09-30,Barcelona,31.0
2020-10-31,Barcelona,39.0
2020-11-30,Barcelona,26.0
2020-12-31,Barcelona,39.0
2021-01-31,Barcelona,36.0
2021-02-28,Barcelona,42.0
2021-03-31,Barcelona,34.0
2021-04-30,Barcelona,39.0
2021-05-31,Barcelona,35.0
2021-06-30,Barcelona,17.0
2021-07-31,Barcelona,23.0
2021-08-31,Barcelona,34.0
2021-09-30,Barcelona,35.0
2021-10-31,Barcelona,33.0
2021-11-30,Barcelona,30.0
2021-12-31,Barcelona,30.0
2022-01-31,Barcelona,30.0
2022-02-28,Barcelona,36.0
2022-03-31,Barcelona,40.0
2022-04-30,Barcelona,43.0
2022-05-31,Barcelona,32.0
2022-06-30,Barcelona,22.0
2022-07-31,Barcelona,39.0
2022-08-31,Barcelona,45.0
2022-09-30,Barcelona,42.0
2022-10-31,Barcelona,53.0
2022-11-30,Barcelona,26.0
2022-12-31,Barcelona,20.0
2023-01-31,Barcelona,45.0
2023-02-28,Barcelona,48.0
2023-03-31,Barcelona,39.0
2023-04-30,Barcelona,43.0
2023-05-31,Barcelona,33.0
2023-06-30,Barcelona,26.0
2023-07-31,Barcelona,32.0
2023-08-31,Barcelona,36.0
2023-09-30,Barcelona,37.0
2023-10-31,Barcelona,37.0
2023-11-30,Barcelona,30.0
2023-12-31,Barcelona,33.0
2024-01-31,Barcelona,46.0
2024-02-29,Barcelona,31.0
2024-03-31,Barcelona,34.0
2024-04-30,Barcelona,53.0
2024-05-31,Barcelona,32.0
2024-06-30,Barcelona,21.0
2024-07-31,Barcelona,27.0
2024-08-31,Barcelona,49.0
2024-09-30,Barcelona,44.0
2024-10-31,Barcelona,54.0
2024-11-30,Barcelona,45.0
2024-12-31,Barcelona,40.0
2025-01-31,Barcelona,66.0
2025-02-28,Barcelona,56.0
2025-03-31,Barcelona,66.0
2025-04-30,Barcelona,100.0
2025-05-31,Barcelona,89.0
2025-06-30,Barcelona,24.0
2025-07-31,Barcelona,31.0
2025-08-31,Barcelona,47.0
2025-09-30,Barcelona,53.0
2025-10-31,Barcelona,68.0
2025-11-30,Barcelona,60.0
2025-12-31,Barcelona,52.0
2018-01-31,Berlin,27.752494311220026
2018-02-28,Berlin,27.752494311220026
2018-03-31,Berlin,28.54542272011203
2018-04-30,Berlin,29.338351129004028
2018-05-31,Berlin,29.338351129004028
2018-06-30,Berlin,27.752494311220026
2018-07-31,Berlin,28.54542272011203
2018-08-31,Berlin,30.13127953789603
2018-09-30,Berlin,28.54542272011203
2018-10-31,Berlin,28.54542272011203
2018-11-30,Berlin,26.959565902328027
2018-12-31,Berlin,26.959565902328027
2019-01-31,Berlin,29.338351129004028
2019-02-28,Berlin,27.752494311220026
2019-03-31,Berlin,29.338351129004028
2019-04-30,Berlin,26.959565902328027
2019-05-31,Berlin,29.338351129004028
2019-06-30,Berlin,29.338351129004028
2019-07-31,Berlin,30.13127953789603
2019-08-31,Berlin,30.92420794678803
2019-09-30,Berlin,30.13127953789603
2019-10-31,Berlin,29.338351129004028
2019-11-30,Berlin,34.095921582356034
2019-12-31,Berlin,26.959565902328027
2020-01-31,Berlin,27.752494311220026
2020-02-29,Berlin,26.959565902328027
2020-03-31,Berlin,26.166637493436024
2020-04-30,Berlin,20.61613863119202
2020-05-31,Berlin,22.994923857868024
2020-06-30,Berlin,24.580780675652026
2020-07-31,Berlin,23.787852266760023
2020-08-31,Berlin,24.580780675652026
2020-09-30,Berlin,22.994923857868024
2020-10-31,Berlin,25.373709084544025
2020-11-30,Berlin,18.237353404516018
2020-12-31,Berlin,18.237353404516018
2021-01-31,Berlin,19.030281813408017
2021-02-28,Berlin,18.237353404516018
2021-03-31,Berlin,20.61613863119202
2021-04-30,Berlin,21.40906704008402
2021-05-31,Berlin,22.20199544897602
2021-06-30,Berlin,21.40906704008402
2021-07-31,Berlin,22.20199544897602
2021-08-31,Berlin,25.373709084544025
2021-09-30,Berlin,26.166637493436024
2021-10-31,Berlin,23.787852266760023
2021-11-30,Berlin,22.994923857868024
2021-12-31,Berlin,19.030281813408017
2022-01-31,Berlin,21.40906704008402
2022-02-28,Berlin,21.40906704008402
2022-03-31,Berlin,21.40906704008402
2022-04-30,Berlin,22.20199544897602
2022-05-31,Berlin,23.787852266760023
2022-06-30,Berlin,24.580780675652026
2022-07-31,Berlin,22.994923857868024
2022-08-31,Berlin,23.787852266760023
2022-09-30,Berlin,22.994923857868024
2022-10-31,Berlin,23.787852266760023
2022-11-30,Berlin,20.61613863119202
2022-12-31,Berlin,20.61613863119202
2023-01-31,Berlin,22.20199544897602
2023-02-28,Berlin,22.994923857868024
2023-03-31,Berlin,22.20199544897602
2023-04-30,Berlin,22.994923857868024
2023-05-31,Berlin,21.40906704008402
2023-06-30,Berlin,22.20199544897602
2023-07-31,Berlin,26.166637493436024
2023-08-31,Berlin,22.20199544897602
2023-09-30,Berlin,25.373709084544025
2023-10-31,Berlin,23.787852266760023
2023-11-30,Berlin,22.20199544897602
2023-12-31,Berlin,22.994923857868024
2024-01-31,Berlin,26.166637493436024
2024-02-29,Berlin,22.20199544897602
2024-03-31,Berlin,22.20199544897602
2024-04-30,Berlin,22.20199544897602
2024-05-31,Berlin,22.994923857868024
2024-06-30,Berlin,23.787852266760023
2024-07-31,Berlin,23.787852266760023
2024-08-31,Berlin,22.20199544897602
2024-09-30,Berlin,22.994923857868024
2024-10-31,Berlin,21.40906704008402
2024-11-30,Berlin,20.61613863119202
2024-12-31,Berlin,20.61613863119202
2025-01-31,Berlin,20.61613863119202
2025-02-28,Berlin,21.40906704008402
2025-03-31,Berlin,22.20199544897602
2025-04-30,Berlin,21.40906704008402
2025-05-31,Berlin,22.20199544897602
2025-06-30,Berlin,22.994923857868024
2025-07-31,Berlin,22.994923857868024
2025-08-31,Berlin,26.166637493436024
2025-09-30,Berlin,28.54542272011203
2025-10-31,Berlin,25.373709084544025
2025-11-30,Berlin,25.373709084544025
2025-12-31,Berlin,22.994923857868024
2018-01-31,Brussels,2.378785226676002
2018-02-28,Brussels,2.378785226676002
2018-03-31,Brussels,2.378785226676002
2018-04-30,Brussels,2.378785226676002
2018-05-31,Brussels,2.378785226676002
2018-06-30,Brussels,2.378785226676002
2018-07-31,Brussels,2.378785226676002
2018-08-31,Brussels,2.378785226676002
2018-09-30,Brussels,2.378785226676002
2018-10-31,Brussels,2.378785226676002
2018-11-30,Brussels,2.378785226676002
2018-12-31,Brussels,2.378785226676002
2019-01-31,Brussels,2.378785226676002
2019-02-28,Brussels,2.378785226676002
2019-03-31,Brussels,2.378785226676002
2019-04-30,Brussels,2.378785226676002
2019-05-31,Brussels,2.378785226676002
2019-06-30,Brussels,2.378785226676002
2019-07-31,Brussels,2.378785226676002
2019-08-31,Brussels,2.378785226676002
2019-09-30,Brussels,2.378785226676002
2019-10-31,Brussels,2.378785226676002
2019-11-30,Brussels,2.378785226676002
2019-12-31,Brussels,2.378785226676002
2020-01-31,Brussels,2.378785226676002
2020-02-29,Brussels,2.378785226676002
2020-03-31,Brussels,1.5858568177840016
2020-04-30,Brussels,0.7929284088920008
2020-05-31,Brussels,0.7929284088920008
2020-06-30,Brussels,1.5858568177840016
2020-07-31,Brussels,1.5858568177840016
2020-08-31,Brussels,1.5858568177840016
2020-09-30,Brussels,1.5858568177840016
2020-10-31,Brussels,0.7929284088920008
2020-11-30,Brussels,0.7929284088920008
2020-12-31,Brussels,0.7929284088920008
2021-01-31,Brussels,0.7929284088920008
2021-02-28,Brussels,0.7929284088920008
2021-03-31,Brussels,0.7929284088920008
2021-04-30,Brussels,0.7929284088920008
2021-05-31,Brussels,0.7929284088920008
2021-06-30,Brussels,1.5858568177840016
2021-07-31,Brussels,1.5858568177840016
2021-08-31,Brussels,1.5858568177840016
2021-09-30,Brussels,1.5858568177840016
2021-10-31,Brussels,1.5858568177840016
2021-11-30,Brussels,1.5858568177840016
2021-12-31,Brussels,1.5858568177840016
2022-01-31,Brussels,1.5858568177840016
2022-02-28,Brussels,1.5858568177840016
2022-03-31,Brussels,1.5858568177840016
2022-04-30,Brussels,1.5858568177840016
2022-05-31,Brussels,1.5858568177840016
2022-06-30,Brussels,2.378785226676002
2022-07-31,Brussels,1.5858568177840016
2022-08-31,Brussels,1.5858568177840016
2022-09-30,Brussels,1.5858568177840016
2022-10-31,Brussels,1.5858568177840016
2022-11-30,Brussels,1.5858568177840016
2022-12-31,Brussels,1.5858568177840016
2023-01-31,Brussels,1.5858568177840016
2023-02-28,Brussels,1.5858568177840016
2023-03-31,Brussels,1.5858568177840016
2023-04-30,Brussels,1.5858568177840016
2023-05-31,Brussels,1.5858568177840016
2023-06-30,Brussels,2.378785226676002
2023-07-31,Brussels,1.5858568177840016
2023-08-31,Brussels,1.5858568177840016
2023-09-30,Brussels,2.378785226676002
2023-10-31,Brussels,2.378785226676002
2023-11-30,Brussels,2.378785226676002
2023-12-31,Brussels,1.5858568177840016
2024-01-31,Brussels,2.378785226676002
2024-02-29,Brussels,2.378785226676002
2024-03-31,Brussels,2.378785226676002
2024-04-30,Brussels,2.378785226676002
2024-05-31,Brussels,2.378785226676002
2024-06-30,Brussels,2.378785226676002
2024-07-31,Brussels,2.378785226676002
2024-08-31,Brussels,1.5858568177840016
2024-09-30,Brussels,2.378785226676002
2024-10-31,Brussels,2.378785226676002
2024-11-30,Brussels,2.378785226676002
2024-12-31,Brussels,2.378785226676002
2025-01-31,Brussels,2.378785226676002
2025-02-28,Brussels,2.378785226676002
2025-03-31,Brussels,2.378785226676002
2025-04-30,Brussels,2.378785226676002
2025-05-31,Brussels,2.378785226676002
2025-06-30,Brussels,2.378785226676002
2025-07-31,Brussels,2.378785226676002
2025-08-31,Brussels,3.964642044460004
2025-09-30,Brussels,3.964642044460004
2025-10-31,Brussels,3.171713635568003
2025-11-30,Brussels,3.171713635568003
2025-12-31,Brussels,3.171713635568003
2018-01-31,Budapest,5.550498862244005
2018-02-28,Budapest,5.550498862244005
2018-03-31,Budapest,6.343427271136006
2018-04-30,Budapest,6.343427271136006
2018-05-31,Budapest,6.343427271136006
2018-06-30,Budapest,6.343427271136006
2018-07-31,Budapest,6.343427271136006
2018-08-31,Budapest,7.136355680028007
2018-09-30,Budapest,6.343427271136006
2018-10-31,Budapest,5.550498862244005
2018-11-30,Budapest,5.550498862244005
2018-12-31,Budapest,5.550498862244005
2019-01-31,Budapest,5.550498862244005
2019-02-28,Budapest,5.550498862244005
2019-03-31,Budapest,6.343427271136006
2019-04-30,Budapest,6.343427271136006
2019-05-31,Budapest,6.343427271136006
2019-06-30,Budapest,7.136355680028007
2019-07-31,Budapest,6.343427271136006
2019-08-31,Budapest,7.136355680028007
2019-09-30,Budapest,6.343427271136006
2019-10-31,Budapest,6.343427271136006
2019-11-30,Budapest,6.343427271136006
2019-12-31,Budapest,6.343427271136006
2020-01-31,Budapest,6.343427271136006
2020-02-29,Budapest,5.550498862244005
2020-03-31,Budapest,3.964642044460004
2020-04-30,Budapest,2.378785226676002
2020-05-31,Budapest,3.171713635568003
2020-06-30,Budapest,3.964642044460004
2020-07-31,Budapest,3.964642044460004
2020-08-31,Budapest,3.964642044460004
2020-09-30,Budapest,3.171713635568003
2020-10-31,Budapest,3.171713635568003
2020-11-30,Budapest,2.378785226676002
2020-12-31,Budapest,2.378785226676002
2021-01-31,Budapest,2.378785226676002
2021-02-28,Budapest,2.378785226676002
2021-03-31,Budapest,2.378785226676002
2021-04-30,Budapest,2.378785226676002
2021-05-31,Budapest,3.171713635568003
2021-06-30,Budapest,3.964642044460004
2021-07-31,Budapest,3.964642044460004
2021-08-31,Budapest,4.757570453352004
2021-09-30,Budapest,3.964642044460004
2021-10-31,Budapest,3.964642044460004
2021-11-30,Budapest,3.964642044460004
2021-12-31,Budapest,3.964642044460004
2022-01-31,Budapest,3.964642044460004
2022-02-28,Budapest,4.757570453352004
2022-03-31,Budapest,4.757570453352004
2022-04-30,Budapest,4.757570453352004
2022-05-31,Budapest,4.757570453352004
2022-06-30,Budapest,4.757570453352004
2022-07-31,Budapest,5.550498862244005
2022-08-31,Budapest,5.550498862244005
2022-09-30,Budapest,4.757570453352004
2022-10-31,Budapest,4.757570453352004
2022-11-30,Budapest,4.757570453352004
2022-12-31,Budapest,4.757570453352004
2023-01-31,Budapest,4.757570453352004
2023-02-28,Budapest,4.757570453352004
2023-03-31,Budapest,4.757570453352004
2023-04-30,Budapest,4.757570453352004
2023-05-31,Budapest,5.550498862244005
2023-06-30,Budapest,4.757570453352004
2023-07-31,Budapest,6.343427271136006
2023-08-31,Budapest,7.929284088920008
2023-09-30,Budapest,4.757570453352004
2023-10-31,Budapest,4.757570453352004
2023-11-30,Budapest,4.757570453352004
2023-12-31,Budapest,4.757570453352004
2024-01-31,Budapest,4.757570453352004
2024-02-29,Budapest,4.757570453352004
2024-03-31,Budapest,4.757570453352004
2024-04-30,Budapest,5.550498862244005
2024-05-31,Budapest,5.550498862244005
2024-06-30,Budapest,5.550498862244005
2024-07-31,Budapest,5.550498862244005
2024-08-31,Budapest,5.550498862244005
2024-09-30,Budapest,5.550498862244005
2024-10-31,Budapest,4.757570453352004
2024-11-30,Budapest,5.550498862244005
2024-12-31,Budapest,5.550498862244005
2025-01-31,Budapest,4.757570453352004
2025-02-28,Budapest,4.757570453352004
2025-03-31,Budapest,4.757570453352004
2025-04-30,Budapest,4.757570453352004
2025-05-31,Budapest,4.757570453352004
2025-06-30,Budapest,5.550498862244005
2025-07-31,Budapest,5.550498862244005
2025-08-31,Budapest,7.929284088920008
2025-09-30,Budapest,7.136355680028007
2025-10-31,Budapest,7.136355680028007
2025-11-30,Budapest,7.136355680028007
2025-12-31,Budapest,7.136355680028007
2018-01-31,Copenhagen,2.378785226676002
2018-02-28,Copenhagen,2.378785226676002
2018-03-31,Copenhagen,2.378785226676002
2018-04-30,Copenhagen,2.378785226676002
2018-05-31,Copenhagen,2.378785226676002
2018-06-30,Copenhagen,2.378785226676002
2018-07-31,Copenhagen,2.378785226676002
2018-08-31,Copenhagen,3.171713635568003
2018-09-30,Copenhagen,2.378785226676002
2018-10-31,Copenhagen,2.378785226676002
2018-11-30,Copenhagen,2.378785226676002
2018-12-31,Copenhagen,2.378785226676002
2019-01-31,Copenhagen,2.378785226676002
2019-02-28,Copenhagen,2.378785226676002
2019-03-31,Copenhagen,2.378785226676002
2019-04-30,Copenhagen,2.378785226676002
2019-05-31,Copenhagen,2.378785226676002
2019-06-30,Copenhagen,2.378785226676002
2019-07-31,Copenhagen,2.378785226676002
2019-08-31,Copenhagen,3.171713635568003
2019-09-30,Copenhagen,2.378785226676002
2019-10-31,Copenhagen,2.378785226676002
2019-11-30,Copenhagen,2.378785226676002
2019-12-31,Copenhagen,2.378785226676002
2020-01-31,Copenhagen,2.378785226676002
2020-02-29,Copenhagen,2.378785226676002
2020-03-31,Copenhagen,1.5858568177840016
2020-04-30,Copenhagen,0.7929284088920008
2020-05-31,Copenhagen,0.7929284088920008
2020-06-30,Copenhagen,1.5858568177840016
2020-07-31,Copenhagen,1.5858568177840016
2020-08-31,Copenhagen,2.378785226676002
2020-09-30,Copenhagen,1.5858568177840016
2020-10-31,Copenhagen,1.5858568177840016
2020-11-30,Copenhagen,1.5858568177840016
2020-12-31,Copenhagen,1.5858568177840016
2021-01-31,Copenhagen,1.5858568177840016
2021-02-28,Copenhagen,1.5858568177840016
2021-03-31,Copenhagen,0.7929284088920008
2021-04-30,Copenhagen,0.7929284088920008
2021-05-31,Copenhagen,1.5858568177840016
2021-06-30,Copenhagen,1.5858568177840016
2021-07-31,Copenhagen,1.5858568177840016
2021-08-31,Copenhagen,1.5858568177840016
2021-09-30,Copenhagen,1.5858568177840016
2021-10-31,Copenhagen,1.5858568177840016
2021-11-30,Copenhagen,1.5858568177840016
2021-12-31,Copenhagen,1.5858568177840016
2022-01-31,Copenhagen,1.5858568177840016
2022-02-28,Copenhagen,1.5858568177840016
2022-03-31,Copenhagen,2.378785226676002
2022-04-30,Copenhagen,2.378785226676002
2022-05-31,Copenhagen,2.378785226676002
2022-06-30,Copenhagen,2.378785226676002
2022-07-31,Copenhagen,3.171713635568003
2022-08-31,Copenhagen,2.378785226676002
2022-09-30,Copenhagen,2.378785226676002
2022-10-31,Copenhagen,3.171713635568003
2022-11-30,Copenhagen,2.378785226676002
2022-12-31,Copenhagen,1.5858568177840016
2023-01-31,Copenhagen,2.378785226676002
2023-02-28,Copenhagen,2.378785226676002
2023-03-31,Copenhagen,2.378785226676002
2023-04-30,Copenhagen,2.378785226676002
2023-05-31,Copenhagen,2.378785226676002
2023-06-30,Copenhagen,2.378785226676002
2023-07-31,Copenhagen,2.378785226676002
2023-08-31,Copenhagen,3.171713635568003
2023-09-30,Copenhagen,2.378785226676002
2023-10-31,Copenhagen,3.171713635568003
2023-11-30,Copenhagen,3.964642044460004
2023-12-31,Copenhagen,2.378785226676002
2024-01-31,Copenhagen,2.378785226676002
2024-02-29,Copenhagen,3.171713635568003
2024-03-31,Copenhagen,3.964642044460004
2024-04-30,Copenhagen,2.378785226676002
2024-05-31,Copenhagen,3.171713635568003
2024-06-30,Copenhagen,2.378785226676002
2024-07-31,Copenhagen,2.378785226676002
2024-08-31,Copenhagen,3.171713635568003
2024-09-30,Copenhagen,3.171713635568003
2024-10-31,Copenhagen,2.378785226676002
2024-11-30,Copenhagen,2.378785226676002
2024-12-31,Copenhagen,3.171713635568003
2025-01-31,Copenhagen,2.378785226676002
2025-02-28,Copenhagen,2.378785226676002
2025-03-31,Copenhagen,3.171713635568003
2025-04-30,Copenhagen,2.378785226676002
2025-05-31,Copenhagen,3.171713635568003
2025-06-30,Copenhagen,3.171713635568003
2025-07-31,Copenhagen,3.171713635568003
2025-08-31,Copenhagen,5.550498862244005
2025-09-30,Copenhagen,4.757570453352004
2025-10-31,Copenhagen,3.964642044460004
2025-11-30,Copenhagen,3.964642044460004
2025-12-31,Copenhagen,3.964642044460004
2018-01-31,Dublin,11.10099772448801
2018-02-28,Dublin,11.10099772448801
2018-03-31,Dublin,11.893926133380011
2018-04-30,Dublin,10.30806931559601
2018-05-31,Dublin,11.10099772448801
2018-06-30,Dublin,11.10099772448801
2018-07-31,Dublin,11.10099772448801
2018-08-31,Dublin,11.10099772448801
2018-09-30,Dublin,11.10099772448801
2018-10-31,Dublin,10.30806931559601
2018-11-30,Dublin,10.30806931559601
2018-12-31,Dublin,8.72221249781201
2019-01-31,Dublin,10.30806931559601
2019-02-28,Dublin,10.30806931559601
2019-03-31,Dublin,11.10099772448801
2019-04-30,Dublin,10.30806931559601
2019-05-31,Dublin,10.30806931559601
2019-06-30,Dublin,11.10099772448801
2019-07-31,Dublin,11.10099772448801
2019-08-31,Dublin,11.893926133380011
2019-09-30,Dublin,11.10099772448801
2019-10-31,Dublin,11.10099772448801
2019-11-30,Dublin,10.30806931559601
2019-12-31,Dublin,9.515140906704008
2020-01-31,Dublin,10.30806931559601
2020-02-29,Dublin,10.30806931559601
2020-03-31,Dublin,7.136355680028007
2020-04-30,Dublin,4.757570453352004
2020-05-31,Dublin,5.550498862244005
2020-06-30,Dublin,7.136355680028007
2020-07-31,Dublin,7.136355680028007
2020-08-31,Dublin,7.136355680028007
2020-09-30,Dublin,7.136355680028007
2020-10-31,Dublin,6.343427271136006
2020-11-30,Dublin,5.550498862244005
2020-12-31,Dublin,6.343427271136006
2021-01-31,Dublin,5.550498862244005
2021-02-28,Dublin,5.550498862244005
2021-03-31,Dublin,5.550498862244005
2021-04-30,Dublin,5.550498862244005
2021-05-31,Dublin,6.343427271136006
2021-06-30,Dublin,7.136355680028007
2021-07-31,Dublin,7.929284088920008
2021-08-31,Dublin,7.929284088920008
2021-09-30,Dublin,7.929284088920008
2021-10-31,Dublin,8.72221249781201
2021-11-30,Dublin,7.929284088920008
2021-12-31,Dublin,7.136355680028007
2022-01-31,Dublin,7.136355680028007
2022-02-28,Dublin,7.929284088920008
2022-03-31,Dublin,7.929284088920008
2022-04-30,Dublin,8.72221249781201
2022-05-31,Dublin,9.515140906704008
2022-06-30,Dublin,9.515140906704008
2022-07-31,Dublin,8.72221249781201
2022-08-31,Dublin,8.72221249781201
2022-09-30,Dublin,8.72221249781201
2022-10-31,Dublin,7.929284088920008
2022-11-30,Dublin,7.929284088920008
2022-12-31,Dublin,7.136355680028007
2023-01-31,Dublin,7.929284088920008
2023-02-28,Dublin,8.72221249781201
2023-03-31,Dublin,7.929284088920008
2023-04-30,Dublin,7.929284088920008
2023-05-31,Dublin,8.72221249781201
2023-06-30,Dublin,9.515140906704008
2023-07-31,Dublin,10.30806931559601
2023-08-31,Dublin,8.72221249781201
2023-09-30,Dublin,8.72221249781201
2023-10-31,Dublin,7.929284088920008
2023-11-30,Dublin,9.515140906704008
2023-12-31,Dublin,7.929284088920008
2024-01-31,Dublin,7.929284088920008
2024-02-29,Dublin,7.929284088920008
2024-03-31,Dublin,8.72221249781201
2024-04-30,Dublin,7.929284088920008
2024-05-31,Dublin,9.515140906704008
2024-06-30,Dublin,9.515140906704008
2024-07-31,Dublin,8.72221249781201
2024-08-31,Dublin,9.515140906704008
2024-09-30,Dublin,8.72221249781201
2024-10-31,Dublin,7.929284088920008
2024-11-30,Dublin,7.929284088920008
2024-12-31,Dublin,7.929284088920008
2025-01-31,Dublin,8.72221249781201
2025-02-28,Dublin,7.929284088920008
2025-03-31,Dublin,7.929284088920008
2025-04-30,Dublin,7.929284088920008
2025-05-31,Dublin,8.72221249781201
2025-06-30,Dublin,9.515140906704008
2025-07-31,Dublin,9.515140906704008
2025-08-31,Dublin,11.10099772448801
2025-09-30,Dublin,11.10099772448801
2025-10-31,Dublin,10.30806931559601
2025-11-30,Dublin,9.515140906704008
2025-12-31,Dublin,8.72221249781201
2018-01-31,Florence,4.757570453352004
2018-02-28,Florence,4.757570453352004
2018-03-31,Florence,4.757570453352004
2018-04-30,Florence,4.757570453352004
2018-05-31,Florence,5.550498862244005
2018-06-30,Florence,5.550498862244005
2018-07-31,Florence,5.550498862244005
2018-08-31,Florence,5.550498862244005
2018-09-30,Florence,42.81813408016804
2018-10-31,Florence,6.343427271136006
2018-11-30,Florence,4.757570453352004
2018-12-31,Florence,4.757570453352004
2019-01-31,Florence,4.757570453352004
2019-02-28,Florence,4.757570453352004
2019-03-31,Florence,4.757570453352004
2019-04-30,Florence,5.550498862244005
2019-05-31,Florence,5.550498862244005
2019-06-30,Florence,5.550498862244005
2019-07-31,Florence,5.550498862244005
2019-08-31,Florence,5.550498862244005
2019-09-30,Florence,5.550498862244005
2019-10-31,Florence,4.757570453352004
2019-11-30,Florence,4.757570453352004
2019-12-31,Florence,4.757570453352004
2020-01-31,Florence,5.550498862244005
2020-02-29,Florence,4.757570453352004
2020-03-31,Florence,3.964642044460004
2020-04-30,Florence,3.964642044460004
2020-05-31,Florence,4.757570453352004
2020-06-30,Florence,3.964642044460004
2020-07-31,Florence,3.964642044460004
2020-08-31,Florence,3.964642044460004
2020-09-30,Florence,3.964642044460004
2020-10-31,Florence,3.964642044460004
2020-11-30,Florence,3.171713635568003
2020-12-31,Florence,3.171713635568003
2021-01-31,Florence,3.171713635568003
2021-02-28,Florence,3.964642044460004
2021-03-31,Florence,3.964642044460004
2021-04-30,Florence,3.964642044460004
2021-05-31,Florence,3.964642044460004
2021-06-30,Florence,3.964642044460004
2021-07-31,Florence,6.343427271136006
2021-08-31,Florence,4.757570453352004
2021-09-30,Florence,4.757570453352004
2021-10-31,Florence,3.964642044460004
2021-11-30,Florence,3.964642044460004
2021-12-31,Florence,3.964642044460004
2022-01-31,Florence,3.964642044460004
2022-02-28,Florence,4.757570453352004
2022-03-31,Florence,4.757570453352004
2022-04-30,Florence,4.757570453352004
2022-05-31,Florence,5.550498862244005
2022-06-30,Florence,4.757570453352004
2022-07-31,Florence,5.550498862244005
2022-08-31,Florence,5.550498862244005
2022-09-30,Florence,6.343427271136006
2022-10-31,Florence,4.757570453352004
2022-11-30,Florence,4.757570453352004
2022-12-31,Florence,3.964642044460004
2023-01-31,Florence,4.757570453352004
2023-02-28,Florence,4.757570453352004
2023-03-31,Florence,4.757570453352004
2023-04-30,Florence,4.757570453352004
2023-05-31,Florence,5.550498862244005
2023-06-30,Florence,4.757570453352004
2023-07-31,Florence,6.343427271136006
2023-08-31,Florence,5.550498862244005
2023-09-30,Florence,4.757570453352004
2023-10-31,Florence,4.757570453352004
2023-11-30,Florence,3.964642044460004
2023-12-31,Florence,3.964642044460004
2024-01-31,Florence,3.964642044460004
2024-02-29,Florence,4.757570453352004
2024-03-31,Florence,5.550498862244005
2024-04-30,Florence,5.550498862244005
2024-05-31,Florence,4.757570453352004
2024-06-30,Florence,4.757570453352004
2024-07-31,Florence,4.757570453352004
2024-08-31,Florence,4.757570453352004
2024-09-30,Florence,4.757570453352004
2024-10-31,Florence,4.757570453352004
2024-11-30,Florence,3.964642044460004
2024-12-31,Florence,3.964642044460004
2025-01-31,Florence,4.757570453352004
2025-02-28,Florence,4.757570453352004
2025-03-31,Florence,4.757570453352004
2025-04-30,Florence,4.757570453352004
2025-05-31,Florence,5.550498862244005
2025-06-30,Florence,4.757570453352004
2025-07-31,Florence,5.550498862244005
2025-08-31,Florence,6.343427271136006
2025-09-30,Florence,6.343427271136006
2025-10-31,Florence,5.550498862244005
2025-11-30,Florence,5.550498862244005
2025-12-31,Florence,4.757570453352004
2018-01-31,Istanbul,14.213994352055225
2018-02-28,Istanbul,14.213994352055225
2018-03-31,Istanbul,15.635393787260748
2018-04-30,Istanbul,14.213994352055225
2018-05-31,Istanbul,14.213994352055225
2018-06-30,Istanbul,14.213994352055225
2018-07-31,Istanbul,14.213994352055225
2018-08-31,Istanbul,14.213994352055225
2018-09-30,Istanbul,15.635393787260748
2018-10-31,Istanbul,14.213994352055225
2018-11-30,Istanbul,14.213994352055225
2018-12-31,Istanbul,15.635393787260748
2019-01-31,Istanbul,15.635393787260748
2019-02-28,Istanbul,15.635393787260748
2019-03-31,Istanbul,17.056793222466272
2019-04-30,Istanbul,24.163790398493884
2019-05-31,Istanbul,18.478192657671794
2019-06-30,Istanbul,18.478192657671794
2019-07-31,Istanbul,15.635393787260748
2019-08-31,Istanbul,17.056793222466272
2019-09-30,Istanbul,19.899592092877317
2019-10-31,Istanbul,17.056793222466272
2019-11-30,Istanbul,15.635393787260748
2019-12-31,Istanbul,17.056793222466272
2020-01-31,Istanbul,18.478192657671794
2020-02-29,Istanbul,17.056793222466272
2020-03-31,Istanbul,12.792594916849703
2020-04-30,Istanbul,9.949796046438658
2020-05-31,Istanbul,11.37119548164418
2020-06-30,Istanbul,11.37119548164418
2020-07-31,Istanbul,12.792594916849703
2020-08-31,Istanbul,12.792594916849703
2020-09-30,Istanbul,11.37119548164418
2020-10-31,Istanbul,14.213994352055225
2020-11-30,Istanbul,12.792594916849703
2020-12-31,Istanbul,12.792594916849703
2021-01-31,Istanbul,12.792594916849703
2021-02-28,Istanbul,14.213994352055225
2021-03-31,Istanbul,14.213994352055225
2021-04-30,Istanbul,14.213994352055225
2021-05-31,Istanbul,11.37119548164418
2021-06-30,Istanbul,14.213994352055225
2021-07-31,Istanbul,14.213994352055225
2021-08-31,Istanbul,14.213994352055225
2021-09-30,Istanbul,15.635393787260748
2021-10-31,Istanbul,15.635393787260748
2021-11-30,Istanbul,15.635393787260748
2021-12-31,Istanbul,15.635393787260748
2022-01-31,Istanbul,18.478192657671794
2022-02-28,Istanbul,17.056793222466272
2022-03-31,Istanbul,19.899592092877317
2022-04-30,Istanbul,21.32099152808284
2022-05-31,Istanbul,17.056793222466272
2022-06-30,Istanbul,18.478192657671794
2022-07-31,Istanbul,17.056793222466272
2022-08-31,Istanbul,18.478192657671794
2022-09-30,Istanbul,18.478192657671794
2022-10-31,Istanbul,17.056793222466272
2022-11-30,Istanbul,19.899592092877317
2022-12-31,Istanbul,14.213994352055225
2023-01-31,Istanbul,17.056793222466272
2023-02-28,Istanbul,21.32099152808284
2023-03-31,Istanbul,19.899592092877317
2023-04-30,Istanbul,21.32099152808284
2023-05-31,Istanbul,18.478192657671794
2023-06-30,Istanbul,18.478192657671794
2023-07-31,Istanbul,18.478192657671794
2023-08-31,Istanbul,17.056793222466272
2023-09-30,Istanbul,17.056793222466272
2023-10-31,Istanbul,15.635393787260748
2023-11-30,Istanbul,18.478192657671794
2023-12-31,Istanbul,17.056793222466272
2024-01-31,Istanbul,18.478192657671794
2024-02-29,Istanbul,14.213994352055225
2024-03-31,Istanbul,18.478192657671794
2024-04-30,Istanbul,17.056793222466272
2024-05-31,Istanbul,14.213994352055225
2024-06-30,Istanbul,14.213994352055225
2024-07-31,Istanbul,15.635393787260748
2024-08-31,Istanbul,15.635393787260748
2024-09-30,Istanbul,15.635393787260748
2024-10-31,Istanbul,14.213994352055225
2024-11-30,Istanbul,14.213994352055225
2024-12-31,Istanbul,14.213994352055225
2025-01-31,Istanbul,14.213994352055225
2025-02-28,Istanbul,17.056793222466272
2025-03-31,Istanbul,18.478192657671794
2025-04-30,Istanbul,17.056793222466272
2025-05-31,Istanbul,14.213994352055225
2025-06-30,Istanbul,14.213994352055225
2025-07-31,Istanbul,15.635393787260748
2025-08-31,Istanbul,19.899592092877317
2025-09-30,Istanbul,18.478192657671794
2025-10-31,Istanbul,17.056793222466272
2025-11-30,Istanbul,17.056793222466272
2025-12-31,Istanbul,21.32099152808284
2018-01-31,Lisbon,1.5858568177840016
2018-02-28,Lisbon,1.5858568177840016
2018-03-31,Lisbon,2.378785226676002
2018-04-30,Lisbon,2.378785226676002
2018-05-31,Lisbon,2.378785226676002
2018-06-30,Lisbon,2.378785226676002
2018-07-31,Lisbon,2.378785226676002
2018-08-31,Lisbon,2.378785226676002
2018-09-30,Lisbon,2.378785226676002
2018-10-31,Lisbon,1.5858568177840016
2018-11-30,Lisbon,1.5858568177840016
2018-12-31,Lisbon,1.5858568177840016
2019-01-31,Lisbon,1.5858568177840016
2019-02-28,Lisbon,1.5858568177840016
2019-03-31,Lisbon,2.378785226676002
2019-04-30,Lisbon,2.378785226676002
2019-05-31,Lisbon,2.378785226676002
2019-06-30,Lisbon,2.378785226676002
2019-07-31,Lisbon,2.378785226676002
2019-08-31,Lisbon,2.378785226676002
2019-09-30,Lisbon,2.378785226676002
2019-10-31,Lisbon,2.378785226676002
2019-11-30,Lisbon,1.5858568177840016
2019-12-31,Lisbon,1.5858568177840016
2020-01-31,Lisbon,2.378785226676002
2020-02-29,Lisbon,1.5858568177840016
2020-03-31,Lisbon,0.7929284088920008
2020-04-30,Lisbon,0.7929284088920008
2020-05-31,Lisbon,0.7929284088920008
2020-06-30,Lisbon,0.7929284088920008
2020-07-31,Lisbon,0.7929284088920008
2020-08-31,Lisbon,0.7929284088920008
2020-09-30,Lisbon,0.7929284088920008
2020-10-31,Lisbon,0.7929284088920008
2020-11-30,Lisbon,0.7929284088920008
2020-12-31,Lisbon,0.7929284088920008
2021-01-31,Lisbon,0.7929284088920008
2021-02-28,Lisbon,0.7929284088920008
2021-03-31,Lisbon,0.7929284088920008
2021-04-30,Lisbon,0.7929284088920008
2021-05-31,Lisbon,1.5858568177840016
2021-06-30,Lisbon,0.7929284088920008
2021-07-31,Lisbon,0.7929284088920008
2021-08-31,Lisbon,1.5858568177840016
2021-09-30,Lisbon,1.5858568177840016
2021-10-31,Lisbon,1.5858568177840016
2021-11-30,Lisbon,1.5858568177840016
2021-12-31,Lisbon,1.5858568177840016
2022-01-31,Lisbon,1.5858568177840016
2022-02-28,Lisbon,1.5858568177840016
2022-03-31,Lisbon,2.378785226676002
2022-04-30,Lisbon,2.378785226676002
2022-05-31,Lisbon,2.378785226676002
2022-06-30,Lisbon,2.378785226676002
2022-07-31,Lisbon,2.378785226676002
2022-08-31,Lisbon,2.378785226676002
2022-09-30,Lisbon,2.378785226676002
2022-10-31,Lisbon,2.378785226676002
2022-11-30,Lisbon,1.5858568177840016
2022-12-31,Lisbon,1.5858568177840016
2023-01-31,Lisbon,2.378785226676002
2023-02-28,Lisbon,2.378785226676002
2023-03-31,Lisbon,2.378785226676002
2023-04-30,Lisbon,2.378785226676002
2023-05-31,Lisbon,2.378785226676002
2023-06-30,Lisbon,2.378785226676002
2023-07-31,Lisbon,2.378785226676002
2023-08-31,Lisbon,2.378785226676002
2023-09-30,Lisbon,2.378785226676002
2023-10-31,Lisbon,2.378785226676002
2023-11-30,Lisbon,1.5858568177840016
2023-12-31,Lisbon,1.5858568177840016
2024-01-31,Lisbon,2.378785226676002
2024-02-29,Lisbon,2.378785226676002
2024-03-31,Lisbon,2.378785226676002
2024-04-30,Lisbon,2.378785226676002
2024-05-31,Lisbon,3.171713635568003
2024-06-30,Lisbon,2.378785226676002
2024-07-31,Lisbon,2.378785226676002
2024-08-31,Lisbon,2.378785226676002
2024-09-30,Lisbon,2.378785226676002
2024-10-31,Lisbon,2.378785226676002
2024-11-30,Lisbon,2.378785226676002
2024-12-31,Lisbon,2.378785226676002
2025-01-31,Lisbon,2.378785226676002
2025-02-28,Lisbon,2.378785226676002
2025-03-31,Lisbon,2.378785226676002
2025-04-30,Lisbon,2.378785226676002
2025-05-31,Lisbon,2.378785226676002
2025-06-30,Lisbon,2.378785226676002
2025-07-31,Lisbon,3.171713635568003
2025-08-31,Lisbon,4.757570453352004
2025-09-30,Lisbon,4.757570453352004
2025-10-31,Lisbon,3.964642044460004
2025-11-30,Lisbon,3.171713635568003
2025-12-31,Lisbon,3.171713635568003
2018-01-31,London,52.591779102604335
2018-02-28,London,51.17037966739881
2018-03-31,London,54.01317853780986
2018-04-30,London,51.17037966739881
2018-05-31,London,52.591779102604335
2018-06-30,London,49.74898023219329
2018-07-31,London,54.01317853780986
2018-08-31,London,51.17037966739881
2018-09-30,London,49.74898023219329
2018-10-31,London,51.17037966739881
2018-11-30,London,49.74898023219329
2018-12-31,London,46.906181361782245
2019-01-31,London,49.74898023219329
2019-02-28,London,49.74898023219329
2019-03-31,London,49.74898023219329
2019-04-30,London,58.277376843426424
2019-05-31,London,49.74898023219329
2019-06-30,London,56.8559774082209
2019-07-31,London,55.43457797301538
2019-08-31,London,52.591779102604335
2019-09-30,London,51.17037966739881
2019-10-31,London,52.591779102604335
2019-11-30,London,54.01317853780986
2019-12-31,London,49.74898023219329
2020-01-31,London,48.32758079698777
2020-02-29,London,49.74898023219329
2020-03-31,London,39.79918418575463
2020-04-30,London,31.270787574521496
2020-05-31,London,31.270787574521496
2020-06-30,London,34.113586444932544
2020-07-31,London,34.113586444932544
2020-08-31,London,35.534985880138066
2020-09-30,London,34.113586444932544
2020-10-31,London,36.95638531534359
2020-11-30,London,29.849388139315973
2020-12-31,London,34.113586444932544
2021-01-31,London,27.00658926890493
2021-02-28,London,27.00658926890493
2021-03-31,London,28.42798870411045
2021-04-30,London,31.270787574521496
2021-05-31,London,35.534985880138066
2021-06-30,London,35.534985880138066
2021-07-31,London,36.95638531534359
2021-08-31,London,36.95638531534359
2021-09-30,London,39.79918418575463
2021-10-31,London,39.79918418575463
2021-11-30,London,39.79918418575463
2021-12-31,London,35.534985880138066
2022-01-31,London,35.534985880138066
2022-02-28,London,39.79918418575463
2022-03-31,London,38.37778475054911
2022-04-30,London,41.220583620960156
2022-05-31,London,41.220583620960156
2022-06-30,London,41.220583620960156
2022-07-31,London,44.0633824913712
2022-08-31,London,41.220583620960156
2022-09-30,London,44.0633824913712
2022-10-31,London,42.64198305616568
2022-11-30,London,38.37778475054911
2022-12-31,London,39.79918418575463
2023-01-31,London,41.220583620960156
2023-02-28,London,39.79918418575463
2023-03-31,London,39.79918418575463
2023-04-30,London,41.220583620960156
2023-05-31,London,39.79918418575463
2023-06-30,London,41.220583620960156
2023-07-31,London,45.48478192657672
2023-08-31,London,42.64198305616568
2023-09-30,London,41.220583620960156
2023-10-31,London,41.220583620960156
2023-11-30,London,41.220583620960156
2023-12-31,London,41.220583620960156
2024-01-31,London,41.220583620960156
2024-02-29,London,41.220583620960156
2024-03-31,London,42.64198305616568
2024-04-30,London,42.64198305616568
2024-05-31,London,42.64198305616568
2024-06-30,London,44.0633824913712
2024-07-31,London,45.48478192657672
2024-08-31,London,45.48478192657672
2024-09-30,London,42.64198305616568
2024-10-31,London,44.0633824913712
2024-11-30,London,44.0633824913712
2024-12-31,London,41.220583620960156
2025-01-31,London,42.64198305616568
2025-02-28,London,45.48478192657672
2025-03-31,London,44.0633824913712
2025-04-30,London,42.64198305616568
2025-05-31,London,45.48478192657672
2025-06-30,London,46.906181361782245
2025-07-31,London,48.32758079698777
2025-08-31,London,58.277376843426424
2025-09-30,London,59.69877627863195
2025-10-31,London,54.01317853780986
2025-11-30,London,54.01317853780986
2025-12-31,London,49.74898023219329
2018-01-31,Madrid,42.64198305616568
2018-02-28,Madrid,55.43457797301538
2018-03-31,Madrid,46.906181361782245
2018-04-30,Madrid,69.6485723250706
2018-05-31,Madrid,73.91277063068718
2018-06-30,Madrid,34.113586444932544
2018-07-31,Madrid,36.95638531534359
2018-08-31,Madrid,44.0633824913712
2018-09-30,Madrid,39.79918418575463
2018-10-31,Madrid,45.48478192657672
2018-11-30,Madrid,39.79918418575463
2018-12-31,Madrid,35.534985880138066
2019-01-31,Madrid,39.79918418575463
2019-02-28,Madrid,54.01317853780986
2019-03-31,Madrid,51.17037966739881
2019-04-30,Madrid,39.79918418575463
2019-05-31,Madrid,42.64198305616568
2019-06-30,Madrid,36.95638531534359
2019-07-31,Madrid,41.220583620960156
2019-08-31,Madrid,39.79918418575463
2019-09-30,Madrid,46.906181361782245
2019-10-31,Madrid,45.48478192657672
2019-11-30,Madrid,49.74898023219329
2019-12-31,Madrid,52.591779102604335
2020-01-31,Madrid,52.591779102604335
2020-02-29,Madrid,54.01317853780986
2020-03-31,Madrid,41.220583620960156
2020-04-30,Madrid,18.478192657671794
2020-05-31,Madrid,21.32099152808284
2020-06-30,Madrid,38.37778475054911
2020-07-31,Madrid,44.0633824913712
2020-08-31,Madrid,29.849388139315973
2020-09-30,Madrid,32.69218700972702
2020-10-31,Madrid,45.48478192657672
2020-11-30,Madrid,35.534985880138066
2020-12-31,Madrid,44.0633824913712
2021-01-31,Madrid,39.79918418575463
2021-02-28,Madrid,38.37778475054911
2021-03-31,Madrid,39.79918418575463
2021-04-30,Madrid,58.277376843426424
2021-05-31,Madrid,59.69877627863195
2021-06-30,Madrid,28.42798870411045
2021-07-31,Madrid,28.42798870411045
2021-08-31,Madrid,34.113586444932544
2021-09-30,Madrid,42.64198305616568
2021-10-31,Madrid,42.64198305616568
2021-11-30,Madrid,36.95638531534359
2021-12-31,Madrid,38.37778475054911
2022-01-31,Madrid,45.48478192657672
2022-02-28,Madrid,55.43457797301538
2022-03-31,Madrid,55.43457797301538
2022-04-30,Madrid,76.75556950109822
2022-05-31,Madrid,92.39096328835898
2022-06-30,Madrid,32.69218700972702
2022-07-31,Madrid,44.0633824913712
2022-08-31,Madrid,45.48478192657672
2022-09-30,Madrid,49.74898023219329
2022-10-31,Madrid,62.54157514904299
2022-11-30,Madrid,38.37778475054911
2022-12-31,Madrid,32.69218700972702
2023-01-31,Madrid,62.54157514904299
2023-02-28,Madrid,68.22717288986509
2023-03-31,Madrid,58.277376843426424
2023-04-30,Madrid,81.01976780671478
2023-05-31,Madrid,86.70536554753687
2023-06-30,Madrid,39.79918418575463
2023-07-31,Madrid,45.48478192657672
2023-08-31,Madrid,44.0633824913712
2023-09-30,Madrid,56.8559774082209
2023-10-31,Madrid,59.69877627863195
2023-11-30,Madrid,48.32758079698777
2023-12-31,Madrid,45.48478192657672
2024-01-31,Madrid,72.49137119548165
2024-02-29,Madrid,59.69877627863195
2024-03-31,Madrid,56.8559774082209
2024-04-30,Madrid,110.86915594603076
2024-05-31,Madrid,79.59836837150927
2024-06-30,Madrid,52.591779102604335
2024-07-31,Madrid,32.69218700972702
2024-08-31,Madrid,81.01976780671478
2024-09-30,Madrid,72.49137119548165
2024-10-31,Madrid,76.75556950109822
2024-11-30,Madrid,69.6485723250706
2024-12-31,Madrid,82.44116724192031
2025-01-31,Madrid,98.07656102918106
2025-02-28,Madrid,106.6049576404142
2025-03-31,Madrid,96.65516159397554
2025-04-30,Madrid,142.13994352055226
2025-05-31,Madrid,86.70536554753687
2025-06-30,Madrid,66.80577345465956
2025-07-31,Madrid,66.80577345465956
2025-08-31,Madrid,62.54157514904299
2025-09-30,Madrid,82.44116724192031
2025-10-31,Madrid,83.86256667712583
2025-11-30,Madrid,79.59836837150927
2025-12-31,Madrid,86.70536554753687
2018-01-31,Paris,50.0
2018-02-28,Paris,53.0
2018-03-31,Paris,53.0
2018-04-30,Paris,47.0
2018-05-31,Paris,50.0
2018-06-30,Paris,46.0
2018-07-31,Paris,49.0
2018-08-31,Paris,45.0
2018-09-30,Paris,51.0
2018-10-31,Paris,51.0
2018-11-30,Paris,51.0
2018-12-31,Paris,48.0
2019-01-31,Paris,51.0
2019-02-28,Paris,48.0
2019-03-31,Paris,50.0
2019-04-30,Paris,64.0
2019-05-31,Paris,52.0
2019-06-30,Paris,53.0
2019-07-31,Paris,48.0
2019-08-31,Paris,45.0
2019-09-30,Paris,52.0
2019-10-31,Paris,55.0
2019-11-30,Paris,49.0
2019-12-31,Paris,49.0
2020-01-31,Paris,48.0
2020-02-29,Paris,47.0
2020-03-31,Paris,36.0
2020-04-30,Paris,27.0
2020-05-31,Paris,31.0
2020-06-30,Paris,37.0
2020-07-31,Paris,38.0
2020-08-31,Paris,42.0
2020-09-30,Paris,41.0
2020-10-31,Paris,46.0
2020-11-30,Paris,33.0
2020-12-31,Paris,33.0
2021-01-31,Paris,32.0
2021-02-28,Paris,32.0
2021-03-31,Paris,31.0
2021-04-30,Paris,32.0
2021-05-31,Paris,36.0
2021-06-30,Paris,40.0
2021-07-31,Paris,41.0
2021-08-31,Paris,43.0
2021-09-30,Paris,47.0
2021-10-31,Paris,47.0
2021-11-30,Paris,49.0
2021-12-31,Paris,46.0
2022-01-31,Paris,44.0
2022-02-28,Paris,48.0
2022-03-31,Paris,47.0
2022-04-30,Paris,50.0
2022-05-31,Paris,48.0
2022-06-30,Paris,48.0
2022-07-31,Paris,45.0
2022-08-31,Paris,43.0
2022-09-30,Paris,46.0
2022-10-31,Paris,47.0
2022-11-30,Paris,46.0
2022-12-31,Paris,50.0
2023-01-31,Paris,54.0
2023-02-28,Paris,49.0
2023-03-31,Paris,48.0
2023-04-30,Paris,47.0
2023-05-31,Paris,45.0
2023-06-30,Paris,46.0
2023-07-31,Paris,44.0
2023-08-31,Paris,42.0
2023-09-30,Paris,46.0
2023-10-31,Paris,48.0
2023-11-30,Paris,49.0
2023-12-31,Paris,51.0
2024-01-31,Paris,47.0
2024-02-29,Paris,46.0
2024-03-31,Paris,47.0
2024-04-30,Paris,50.0
2024-05-31,Paris,48.0
2024-06-30,Paris,51.0
2024-07-31,Paris,69.0
2024-08-31,Paris,79.0
2024-09-30,Paris,53.0
2024-10-31,Paris,51.0
2024-11-30,Paris,48.0
2024-12-31,Paris,50.0
2025-01-31,Paris,46.0
2025-02-28,Paris,46.0
2025-03-31,Paris,48.0
2025-04-30,Paris,47.0
2025-05-31,Paris,48.0
2025-06-30,Paris,51.0
2025-07-31,Paris,49.0
2025-08-31,Paris,55.0
2025-09-30,Paris,60.0
2025-10-31,Paris,56.0
2025-11-30,Paris,56.0
2025-12-31,Paris,53.0
2018-01-31,Prague,3.0
2018-02-28,Prague,3.0
2018-03-31,Prague,3.0
2018-04-30,Prague,3.0
2018-05-31,Prague,3.0
2018-06-30,Prague,3.0
2018-07-31,Prague,3.0
2018-08-31,Prague,3.0
2018-09-30,Prague,3.0
2018-10-31,Prague,3.0
2018-11-30,Prague,3.0
2018-12-31,Prague,3.0
2019-01-31,Prague,3.0
2019-02-28,Prague,3.0
2019-03-31,Prague,3.0
2019-04-30,Prague,3.0
2019-05-31,Prague,3.0
2019-06-30,Prague,3.0
2019-07-31,Prague,3.0
2019-08-31,Prague,3.0
2019-09-30,Prague,3.0
2019-10-31,Prague,3.0
2019-11-30,Prague,3.0
2019-12-31,Prague,3.0
2020-01-31,Prague,3.0
2020-02-29,Prague,3.0
2020-03-31,Prague,2.0
2020-04-30,Prague,1.0
2020-05-31,Prague,1.0
2020-06-30,Prague,1.0
2020-07-31,Prague,1.0
2020-08-31,Prague,2.0
2020-09-30,Prague,1.0
2020-10-31,Prague,1.0
2020-11-30,Prague,1.0
2020-12-31,Prague,1.0
2021-01-31,Prague,1.0
2021-02-28,Prague,1.0
2021-03-31,Prague,1.0
2021-04-30,Prague,1.0
2021-05-31,Prague,1.0
2021-06-30,Prague,1.0
2021-07-31,Prague,1.0
2021-08-31,Prague,2.0
2021-09-30,Prague,2.0
2021-10-31,Prague,2.0
2021-11-30,Prague,2.0
2021-12-31,Prague,1.0
2022-01-31,Prague,1.0
2022-02-28,Prague,2.0
2022-03-31,Prague,2.0
2022-04-30,Prague,2.0
2022-05-31,Prague,2.0
2022-06-30,Prague,2.0
2022-07-31,Prague,2.0
2022-08-31,Prague,2.0
2022-09-30,Prague,2.0
2022-10-31,Prague,2.0
2022-11-30,Prague,2.0
2022-12-31,Prague,2.0
2023-01-31,Prague,2.0
2023-02-28,Prague,2.0
2023-03-31,Prague,2.0
2023-04-30,Prague,2.0
2023-05-31,Prague,2.0
2023-06-30,Prague,2.0
2023-07-31,Prague,2.0
2023-08-31,Prague,3.0
2023-09-30,Prague,2.0
2023-10-31,Prague,2.0
2023-11-30,Prague,2.0
2023-12-31,Prague,3.0
2024-01-31,Prague,2.0
2024-02-29,Prague,3.0
2024-03-31,Prague,3.0
2024-04-30,Prague,2.0
2024-05-31,Prague,3.0
2024-06-30,Prague,2.0
2024-07-31,Prague,3.0
2024-08-31,Prague,3.0
2024-09-30,Prague,3.0
2024-10-31,Prague,3.0
2024-11-30,Prague,3.0
2024-12-31,Prague,3.0
2025-01-31,Prague,2.0
2025-02-28,Prague,2.0
2025-03-31,Prague,2.0
2025-04-30,Prague,3.0
2025-05-31,Prague,3.0
2025-06-30,Prague,3.0
2025-07-31,Prague,3.0
2025-08-31,Prague,5.0
2025-09-30,Prague,5.0
2025-10-31,Prague,4.0
2025-11-30,Prague,5.0
2025-12-31,Prague,4.0
2018-01-31,Rome,7.0
2018-02-28,Rome,7.0
2018-03-31,Rome,8.0
2018-04-30,Rome,8.0
2018-05-31,Rome,9.0
2018-06-30,Rome,7.0
2018-07-31,Rome,7.0
2018-08-31,Rome,7.0
2018-09-30,Rome,7.0
2018-10-31,Rome,7.0
2018-11-30,Rome,6.0
2018-12-31,Rome,6.0
2019-01-31,Rome,7.0
2019-02-28,Rome,7.0
2019-03-31,Rome,7.0
2019-04-30,Rome,8.0
2019-05-31,Rome,10.0
2019-06-30,Rome,7.0
2019-07-31,Rome,7.0
2019-08-31,Rome,7.0
2019-09-30,Rome,7.0
2019-10-31,Rome,7.0
2019-11-30,Rome,6.0
2019-12-31,Rome,6.0
2020-01-31,Rome,6.0
2020-02-29,Rome,7.0
2020-03-31,Rome,5.0
2020-04-30,Rome,4.0
2020-05-31,Rome,4.0
2020-06-30,Rome,4.0
2020-07-31,Rome,4.0
2020-08-31,Rome,4.0
2020-09-30,Rome,6.0
2020-10-31,Rome,4.0
2020-11-30,Rome,3.0
2020-12-31,Rome,3.0
2021-01-31,Rome,4.0
2021-02-28,Rome,4.0
2021-03-31,Rome,4.0
2021-04-30,Rome,4.0
2021-05-31,Rome,6.0
2021-06-30,Rome,4.0
2021-07-31,Rome,4.0
2021-08-31,Rome,4.0
2021-09-30,Rome,5.0
2021-10-31,Rome,5.0
2021-11-30,Rome,4.0
2021-12-31,Rome,4.0
2022-01-31,Rome,5.0
2022-02-28,Rome,5.0
2022-03-31,Rome,6.0
2022-04-30,Rome,6.0
2022-05-31,Rome,8.0
2022-06-30,Rome,6.0
2022-07-31,Rome,6.0
2022-08-31,Rome,6.0
2022-09-30,Rome,6.0
2022-10-31,Rome,6.0
2022-11-30,Rome,5.0
2022-12-31,Rome,5.0
2023-01-31,Rome,6.0
2023-02-28,Rome,6.0
2023-03-31,Rome,6.0
2023-04-30,Rome,7.0
2023-05-31,Rome,10.0
2023-06-30,Rome,6.0
2023-07-31,Rome,7.0
2023-08-31,Rome,6.0
2023-09-30,Rome,7.0
2023-10-31,Rome,6.0
2023-11-30,Rome,6.0
2023-12-31,Rome,5.0
2024-01-31,Rome,6.0
2024-02-29,Rome,7.0
2024-03-31,Rome,7.0
2024-04-30,Rome,8.0
2024-05-31,Rome,11.0
2024-06-30,Rome,7.0
2024-07-31,Rome,7.0
2024-08-31,Rome,6.0
2024-09-30,Rome,7.0
2024-10-31,Rome,7.0
2024-11-30,Rome,6.0
2024-12-31,Rome,6.0
2025-01-31,Rome,7.0
2025-02-28,Rome,7.0
2025-03-31,Rome,7.0
2025-04-30,Rome,8.0
2025-05-31,Rome,12.0
2025-06-30,Rome,7.0
2025-07-31,Rome,7.0
2025-08-31,Rome,10.0
2025-09-30,Rome,10.0
2025-10-31,Rome,9.0
2025-11-30,Rome,9.0
2025-12-31,Rome,8.0
2018-01-31,Stockholm,5.550498862244005
2018-02-28,Stockholm,5.550498862244005
2018-03-31,Stockholm,5.550498862244005
2018-04-30,Stockholm,5.550498862244005
2018-05-31,Stockholm,5.550498862244005
2018-06-30,Stockholm,5.550498862244005
2018-07-31,Stockholm,6.343427271136006
2018-08-31,Stockholm,6.343427271136006
2018-09-30,Stockholm,5.550498862244005
2018-10-31,Stockholm,5.550498862244005
2018-11-30,Stockholm,5.550498862244005
2018-12-31,Stockholm,4.757570453352004
2019-01-31,Stockholm,5.550498862244005
2019-02-28,Stockholm,5.550498862244005
2019-03-31,Stockholm,5.550498862244005
2019-04-30,Stockholm,5.550498862244005
2019-05-31,Stockholm,6.343427271136006
2019-06-30,Stockholm,6.343427271136006
2019-07-31,Stockholm,6.343427271136006
2019-08-31,Stockholm,6.343427271136006
2019-09-30,Stockholm,5.550498862244005
2019-10-31,Stockholm,5.550498862244005
2019-11-30,Stockholm,5.550498862244005
2019-12-31,Stockholm,5.550498862244005
2020-01-31,Stockholm,5.550498862244005
2020-02-29,Stockholm,5.550498862244005
2020-03-31,Stockholm,3.964642044460004
2020-04-30,Stockholm,3.964642044460004
2020-05-31,Stockholm,3.964642044460004
2020-06-30,Stockholm,3.964642044460004
2020-07-31,Stockholm,4.757570453352004
2020-08-31,Stockholm,4.757570453352004
2020-09-30,Stockholm,3.964642044460004
2020-10-31,Stockholm,3.964642044460004
2020-11-30,Stockholm,3.171713635568003
2020-12-31,Stockholm,3.171713635568003
2021-01-31,Stockholm,3.171713635568003
2021-02-28,Stockholm,3.964642044460004
2021-03-31,Stockholm,3.964642044460004
2021-04-30,Stockholm,3.964642044460004
2021-05-31,Stockholm,3.964642044460004
2021-06-30,Stockholm,3.964642044460004
2021-07-31,Stockholm,4.757570453352004
2021-08-31,Stockholm,4.757570453352004
2021-09-30,Stockholm,4.757570453352004
2021-10-31,Stockholm,4.757570453352004
2021-11-30,Stockholm,5.550498862244005
2021-12-31,Stockholm,4.757570453352004
2022-01-31,Stockholm,3.964642044460004
2022-02-28,Stockholm,4.757570453352004
2022-03-31,Stockholm,4.757570453352004
2022-04-30,Stockholm,4.757570453352004
2022-05-31,Stockholm,5.550498862244005
2022-06-30,Stockholm,5.550498862244005
2022-07-31,Stockholm,4.757570453352004
2022-08-31,Stockholm,5.550498862244005
2022-09-30,Stockholm,4.757570453352004
2022-10-31,Stockholm,4.757570453352004
2022-11-30,Stockholm,3.964642044460004
2022-12-31,Stockholm,3.964642044460004
2023-01-31,Stockholm,4.757570453352004
2023-02-28,Stockholm,4.757570453352004
2023-03-31,Stockholm,4.757570453352004
2023-04-30,Stockholm,4.757570453352004
2023-05-31,Stockholm,4.757570453352004
2023-06-30,Stockholm,4.757570453352004
2023-07-31,Stockholm,5.550498862244005
2023-08-31,Stockholm,5.550498862244005
2023-09-30,Stockholm,4.757570453352004
2023-10-31,Stockholm,4.757570453352004
2023-11-30,Stockholm,4.757570453352004
2023-12-31,Stockholm,3.964642044460004
2024-01-31,Stockholm,4.757570453352004
2024-02-29,Stockholm,4.757570453352004
2024-03-31,Stockholm,4.757570453352004
2024-04-30,Stockholm,4.757570453352004
2024-05-31,Stockholm,4.757570453352004
2024-06-30,Stockholm,5.550498862244005
2024-07-31,Stockholm,5.550498862244005
2024-08-31,Stockholm,4.757570453352004
2024-09-30,Stockholm,4.757570453352004
2024-10-31,Stockholm,5.550498862244005
2024-11-30,Stockholm,4.757570453352004
2024-12-31,Stockholm,4.757570453352004
2025-01-31,Stockholm,4.757570453352004
2025-02-28,Stockholm,4.757570453352004
2025-03-31,Stockholm,4.757570453352004
2025-04-30,Stockholm,4.757570453352004
2025-05-31,Stockholm,5.550498862244005
2025-06-30,Stockholm,5.550498862244005
2025-07-31,Stockholm,5.550498862244005
2025-08-31,Stockholm,7.929284088920008
2025-09-30,Stockholm,6.343427271136006
2025-10-31,Stockholm,6.343427271136006
2025-11-30,Stockholm,5.550498862244005
2025-12-31,Stockholm,5.550498862244005
2018-01-31,Venice,3.171713635568003
2018-02-28,Venice,3.171713635568003
2018-03-31,Venice,3.964642044460004
2018-04-30,Venice,3.964642044460004
2018-05-31,Venice,3.964642044460004
2018-06-30,Venice,3.964642044460004
2018-07-31,Venice,3.964642044460004
2018-08-31,Venice,3.171713635568003
2018-09-30,Venice,3.964642044460004
2018-10-31,Venice,3.964642044460004
2018-11-30,Venice,3.171713635568003
2018-12-31,Venice,2.378785226676002
2019-01-31,Venice,3.171713635568003
2019-02-28,Venice,3.171713635568003
2019-03-31,Venice,3.171713635568003
2019-04-30,Venice,3.171713635568003
2019-05-31,Venice,3.964642044460004
2019-06-30,Venice,3.964642044460004
2019-07-31,Venice,3.964642044460004
2019-08-31,Venice,3.964642044460004
2019-09-30,Venice,3.964642044460004
2019-10-31,Venice,3.171713635568003
2019-11-30,Venice,3.964642044460004
2019-12-31,Venice,3.171713635568003
2020-01-31,Venice,3.171713635568003
2020-02-29,Venice,3.171713635568003
2020-03-31,Venice,3.171713635568003
2020-04-30,Venice,2.378785226676002
2020-05-31,Venice,2.378785226676002
2020-06-30,Venice,2.378785226676002
2020-07-31,Venice,2.378785226676002
2020-08-31,Venice,2.378785226676002
2020-09-30,Venice,2.378785226676002
2020-10-31,Venice,2.378785226676002
2020-11-30,Venice,1.5858568177840016
2020-12-31,Venice,1.5858568177840016
2021-01-31,Venice,1.5858568177840016
2021-02-28,Venice,1.5858568177840016
2021-03-31,Venice,1.5858568177840016
2021-04-30,Venice,1.5858568177840016
2021-05-31,Venice,2.378785226676002
2021-06-30,Venice,2.378785226676002
2021-07-31,Venice,2.378785226676002
2021-08-31,Venice,2.378785226676002
2021-09-30,Venice,2.378785226676002
2021-10-31,Venice,2.378785226676002
2021-11-30,Venice,2.378785226676002
2021-12-31,Venice,2.378785226676002
2022-01-31,Venice,2.378785226676002
2022-02-28,Venice,3.171713635568003
2022-03-31,Venice,2.378785226676002
2022-04-30,Venice,3.171713635568003
2022-05-31,Venice,3.171713635568003
2022-06-30,Venice,3.171713635568003
2022-07-31,Venice,3.171713635568003
2022-08-31,Venice,3.171713635568003
2022-09-30,Venice,3.171713635568003
2022-10-31,Venice,2.378785226676002
2022-11-30,Venice,2.378785226676002
2022-12-31,Venice,2.378785226676002
2023-01-31,Venice,3.171713635568003
2023-02-28,Venice,3.171713635568003
2023-03-31,Venice,3.171713635568003
2023-04-30,Venice,3.171713635568003
2023-05-31,Venice,3.171713635568003
2023-06-30,Venice,3.171713635568003
2023-07-31,Venice,3.171713635568003
2023-08-31,Venice,3.171713635568003
2023-09-30,Venice,4.757570453352004
2023-10-31,Venice,3.964642044460004
2023-11-30,Venice,3.171713635568003
2023-12-31,Venice,2.378785226676002
2024-01-31,Venice,3.171713635568003
2024-02-29,Venice,3.171713635568003
2024-03-31,Venice,3.171713635568003
2024-04-30,Venice,3.171713635568003
2024-05-31,Venice,3.171713635568003
2024-06-30,Venice,3.171713635568003
2024-07-31,Venice,3.171713635568003
2024-08-31,Venice,3.171713635568003
2024-09-30,Venice,3.171713635568003
2024-10-31,Venice,3.171713635568003
2024-11-30,Venice,2.378785226676002
2024-12-31,Venice,2.378785226676002
2025-01-31,Venice,3.171713635568003
2025-02-28,Venice,3.171713635568003
2025-03-31,Venice,3.171713635568003
2025-04-30,Venice,3.171713635568003
2025-05-31,Venice,3.171713635568003
2025-06-30,Venice,3.171713635568003
2025-07-31,Venice,3.171713635568003
2025-08-31,Venice,4.757570453352004
2025-09-30,Venice,4.757570453352004
2025-10-31,Venice,3.964642044460004
2025-11-30,Venice,3.171713635568003
2025-12-31,Venice,3.171713635568003
2018-01-31,Vienna,3.171713635568003
2018-02-28,Vienna,2.378785226676002
2018-03-31,Vienna,3.171713635568003
2018-04-30,Vienna,3.171713635568003
2018-05-31,Vienna,3.171713635568003
2018-06-30,Vienna,3.171713635568003
2018-07-31,Vienna,3.171713635568003
2018-08-31,Vienna,3.171713635568003
2018-09-30,Vienna,3.171713635568003
2018-10-31,Vienna,3.171713635568003
2018-11-30,Vienna,3.171713635568003
2018-12-31,Vienna,3.964642044460004
2019-01-31,Vienna,3.171713635568003
2019-02-28,Vienna,3.171713635568003
2019-03-31,Vienna,3.171713635568003
2019-04-30,Vienna,3.171713635568003
2019-05-31,Vienna,3.171713635568003
2019-06-30,Vienna,3.171713635568003
2019-07-31,Vienna,3.171713635568003
2019-08-31,Vienna,3.171713635568003
2019-09-30,Vienna,3.171713635568003
2019-10-31,Vienna,3.964642044460004
2019-11-30,Vienna,3.171713635568003
2019-12-31,Vienna,3.964642044460004
2020-01-31,Vienna,3.171713635568003
2020-02-29,Vienna,3.171713635568003
2020-03-31,Vienna,2.378785226676002
2020-04-30,Vienna,1.5858568177840016
2020-05-31,Vienna,1.5858568177840016
2020-06-30,Vienna,1.5858568177840016
2020-07-31,Vienna,1.5858568177840016
2020-08-31,Vienna,2.378785226676002
2020-09-30,Vienna,1.5858568177840016
2020-10-31,Vienna,2.378785226676002
2020-11-30,Vienna,3.171713635568003
2020-12-31,Vienna,1.5858568177840016
2021-01-31,Vienna,1.5858568177840016
2021-02-28,Vienna,1.5858568177840016
2021-03-31,Vienna,1.5858568177840016
2021-04-30,Vienna,1.5858568177840016
2021-05-31,Vienna,1.5858568177840016
2021-06-30,Vienna,1.5858568177840016
2021-07-31,Vienna,1.5858568177840016
2021-08-31,Vienna,2.378785226676002
2021-09-30,Vienna,2.378785226676002
2021-10-31,Vienna,3.171713635568003
2021-11-30,Vienna,2.378785226676002
2021-12-31,Vienna,1.5858568177840016
2022-01-31,Vienna,2.378785226676002
2022-02-28,Vienna,2.378785226676002
2022-03-31,Vienna,2.378785226676002
2022-04-30,Vienna,2.378785226676002
2022-05-31,Vienna,2.378785226676002
2022-06-30,Vienna,2.378785226676002
2022-07-31,Vienna,3.171713635568003
2022-08-31,Vienna,3.171713635568003
2022-09-30,Vienna,3.171713635568003
2022-10-31,Vienna,3.171713635568003
2022-11-30,Vienna,2.378785226676002
2022-12-31,Vienna,3.171713635568003
2023-01-31,Vienna,3.171713635568003
2023-02-28,Vienna,3.171713635568003
2023-03-31,Vienna,2.378785226676002
2023-04-30,Vienna,3.171713635568003
2023-05-31,Vienna,3.171713635568003
2023-06-30,Vienna,3.171713635568003
2023-07-31,Vienna,3.171713635568003
2023-08-31,Vienna,3.171713635568003
2023-09-30,Vienna,3.171713635568003
2023-10-31,Vienna,3.964642044460004
2023-11-30,Vienna,3.171713635568003
2023-12-31,Vienna,3.171713635568003
2024-01-31,Vienna,3.171713635568003
2024-02-29,Vienna,3.171713635568003
2024-03-31,Vienna,3.171713635568003
2024-04-30,Vienna,3.171713635568003
2024-05-31,Vienna,3.171713635568003
2024-06-30,Vienna,3.171713635568003
2024-07-31,Vienna,3.964642044460004
2024-08-31,Vienna,4.757570453352004
2024-09-30,Vienna,3.964642044460004
2024-10-31,Vienna,3.964642044460004
2024-11-30,Vienna,3.964642044460004
2024-12-31,Vienna,3.964642044460004
2025-01-31,Vienna,3.171713635568003
2025-02-28,Vienna,3.171713635568003
2025-03-31,Vienna,3.171713635568003
2025-04-30,Vienna,3.171713635568003
2025-05-31,Vienna,3.171713635568003
2025-06-30,Vienna,3.171713635568003
2025-07-31,Vienna,3.964642044460004
2025-08-31,Vienna,6.343427271136006
2025-09-30,Vienna,6.343427271136006
2025-10-31,Vienna,7.136355680028007
2025-11-30,Vienna,5.550498862244005
2025-12-31,Vienna,5.550498862244005
2018-01-31,Warsaw,1.5858568177840016
2018-02-28,Warsaw,1.5858568177840016
2018-03-31,Warsaw,1.5858568177840016
2018-04-30,Warsaw,1.5858568177840016
2018-05-31,Warsaw,1.5858568177840016
2018-06-30,Warsaw,1.5858568177840016
2018-07-31,Warsaw,1.5858568177840016
2018-08-31,Warsaw,1.5858568177840016
2018-09-30,Warsaw,1.5858568177840016
2018-10-31,Warsaw,1.5858568177840016
2018-11-30,Warsaw,1.5858568177840016
2018-12-31,Warsaw,0.7929284088920008
2019-01-31,Warsaw,1.5858568177840016
2019-02-28,Warsaw,1.5858568177840016
2019-03-31,Warsaw,1.5858568177840016
2019-04-30,Warsaw,1.5858568177840016
2019-05-31,Warsaw,1.5858568177840016
2019-06-30,Warsaw,1.5858568177840016
2019-07-31,Warsaw,1.5858568177840016
2019-08-31,Warsaw,1.5858568177840016
2019-09-30,Warsaw,1.5858568177840016
2019-10-31,Warsaw,1.5858568177840016
2019-11-30,Warsaw,1.5858568177840016
2019-12-31,Warsaw,1.5858568177840016
2020-01-31,Warsaw,1.5858568177840016
2020-02-29,Warsaw,1.5858568177840016
2020-03-31,Warsaw,0.7929284088920008
2020-04-30,Warsaw,0.7929284088920008
2020-05-31,Warsaw,0.7929284088920008
2020-06-30,Warsaw,0.7929284088920008
2020-07-31,Warsaw,0.7929284088920008
2020-08-31,Warsaw,0.7929284088920008
2020-09-30,Warsaw,0.7929284088920008
2020-10-31,Warsaw,0.7929284088920008
2020-11-30,Warsaw,0.7929284088920008
2020-12-31,Warsaw,0.7929284088920008
2021-01-31,Warsaw,0.7929284088920008
2021-02-28,Warsaw,0.7929284088920008
2021-03-31,Warsaw,0.7929284088920008
2021-04-30,Warsaw,0.7929284088920008
2021-05-31,Warsaw,0.7929284088920008
2021-06-30,Warsaw,0.7929284088920008
2021-07-31,Warsaw,0.7929284088920008
2021-08-31,Warsaw,0.7929284088920008
2021-09-30,Warsaw,0.7929284088920008
2021-10-31,Warsaw,0.7929284088920008
2021-11-30,Warsaw,0.7929284088920008
2021-12-31,Warsaw,0.7929284088920008
2022-01-31,Warsaw,0.7929284088920008
2022-02-28,Warsaw,1.5858568177840016
2022-03-31,Warsaw,1.5858568177840016
2022-04-30,Warsaw,1.5858568177840016
2022-05-31,Warsaw,1.5858568177840016
2022-06-30,Warsaw,1.5858568177840016
2022-07-31,Warsaw,1.5858568177840016
2022-08-31,Warsaw,1.5858568177840016
2022-09-30,Warsaw,1.5858568177840016
2022-10-31,Warsaw,0.7929284088920008
2022-11-30,Warsaw,0.7929284088920008
2022-12-31,Warsaw,0.7929284088920008
2023-01-31,Warsaw,0.7929284088920008
2023-02-28,Warsaw,1.5858568177840016
2023-03-31,Warsaw,1.5858568177840016
2023-04-30,Warsaw,1.5858568177840016
2023-05-31,Warsaw,1.5858568177840016
2023-06-30,Warsaw,1.5858568177840016
2023-07-31,Warsaw,1.5858568177840016
2023-08-31,Warsaw,1.5858568177840016
2023-09-30,Warsaw,1.5858568177840016
2023-10-31,Warsaw,1.5858568177840016
2023-11-30,Warsaw,1.5858568177840016
2023-12-31,Warsaw,0.7929284088920008
2024-01-31,Warsaw,1.5858568177840016
2024-02-29,Warsaw,1.5858568177840016
2024-03-31,Warsaw,1.5858568177840016
2024-04-30,Warsaw,1.5858568177840016
2024-05-31,Warsaw,1.5858568177840016
2024-06-30,Warsaw,1.5858568177840016
2024-07-31,Warsaw,1.5858568177840016
2024-08-31,Warsaw,1.5858568177840016
2024-09-30,Warsaw,1.5858568177840016
2024-10-31,Warsaw,1.5858568177840016
2024-11-30,Warsaw,1.5858568177840016
2024-12-31,Warsaw,1.5858568177840016
2025-01-31,Warsaw,1.5858568177840016
2025-02-28,Warsaw,1.5858568177840016
2025-03-31,Warsaw,1.5858568177840016
2025-04-30,Warsaw,1.5858568177840016
2025-05-31,Warsaw,1.5858568177840016
2025-06-30,Warsaw,1.5858568177840016
2025-07-31,Warsaw,1.5858568177840016
2025-08-31,Warsaw,3.171713635568003
2025-09-30,Warsaw,2.378785226676002
2025-10-31,Warsaw,2.378785226676002
2025-11-30,Warsaw,2.378785226676002
2025-12-31,Warsaw,2.378785226676002
